comment,channel,video_url,comment_en,sentiment
तथ्य र प्रमाण बिनाको अभिव्यक्तिलाई गलत नै अभिव्यक्ति हो भन्न चाहिँ खुलेर कुरा राख्न सक्नु पर्छ है IDS Media Network का मित्रहरू; चाहे त्यो अभिव्यक्ति भूलवश वा सुनियोजित ढङ्गले कुनै पनि व्यक्ति अथवा देशको लोकप्रिय नेता-प्रधानमन्त्री कै मुखारविन्दु बाट नै किन न निक्लिएको होस् एउटा साँचो राष्ट्रप्रेमी नेपाली जनताले सदैव यस्तो राष्ट्रिय हितलाई आघात पुर्‍याउने भनाई र अभिव्यक्ति विरुद्ध प्रश्न गर्न सक्ने मुटु राख्नु आवश्यक छ नत्र भारतका अन्धभक्त गोदी मिडिया र नेपाली मिडियामा केही भिन्नता रहने छैन।🙏,IDSMediaNetwork,https://www.youtube.com/watch?v=U2jbDkyGWx4,"Friends of IDS Media Network, you should be able to openly say that an expression without facts and evidence is a wrong expression. Regardless of whether the expression is mistakenly or purposefully issued by any person or the mouthpiece of the country's popular leader-Prime Minister, a true patriot of Nepali people must always have a heart to question such statements and expressions that hurt the national interest, otherwise there will be no difference between India's blind Godi media and Nepali media.🙏",neutral
I didn't find any mistake on Balen statement. He said Nepal le pani india ko jamin micheko raixa yeslai yesari bujam if voli gayerw india le nepal le ka jamin micheko xa vanerw khojdai ayo re tesma kolai faida ?answer:nepal lai.coz kai pani proof xaina nepal le india ko jamin micheko vanera ultai nepal lai faida xa kalapani lipulekh hamrai jamin ho vanne ta proof xa ni hami snga haina?plus i have a feeling ur congress supporter?,WhySoOffended,https://www.youtube.com/watch?v=QeLbM6LdLBA,I didn't find any mistake on Balen statement. He said Nepal le pani india ko jamin micheko raixa yeslai yesari bujam if voli gayerw india le nepal le ka jamin micheko xa vanerw khojdai ayo re tesma kolai faida ?answer:nepal lai.coz kai pani proof xaina nepal le india ko jamin micheko vanera ultai nepal lai faida xa kalapani lipulekh hamrai jamin ho vanne ta proof xa ni hami snga haina?plus i have a feeling ur congress supporter?,positive
"Hora balenko jholeyy, rspko geda chatney patrakarrr",TheNepaliComment,https://www.youtube.com/watch?v=ryhQNybiElQ,"hora balenko jholeyy, rspko geda chatney patrakarrr",negative
Tanak dahal vrasta vadkaune ek sabda Bolna jaruri thiena Ali buddhi vaera Pani saskar ramro chaina. Timile dieko matra prman an balen le dieko prman bethik   nee thik Ali nepali ko havi bata afno sabda charna gari murkha vrasta Janata vaeko desh ma kasari bolne Ali alert hune ki Sirf popularity matra nasocne ki??,TankaDahal,https://www.youtube.com/watch?v=FqyGil9SZ9g,Tanak dahal vrasta vadkaune ek sabda Bolna jaruri thiena Ali buddhi vaera Pani saskar ramro chaina. Timile dieko matra prman an balen le dieko prman bethik nee thik Ali nepali ko havi bata afno sabda charna gari murkha vrasta Janata vaeko desh ma kasari bolne Ali alert hune ki Sirf popularity matra nasocne ki??,positive
Andha bhakta lai jay hos😂😂😂,KhojSamachar,https://www.youtube.com/watch?v=COGGc-UvlaI,Blind devotee brought jay hos,negative
"प्रतिपक्षीलाई आफ्नै ज्यानको माया छैन कि के?
घण्टीमा भोट हाल्ने सबै नेपाली सडकमा आउनुपर्‍यो भने देखाइदिन्छौँ—एआई एल्गोरिदम के हो, जनता के हो।
हर्के र एमालेलाई यहीँबाट चेतावनी दिन्छु।",News24Nepal,https://www.youtube.com/watch?v=ZuMOJjCsthA,"Does the opponent not love his own life?
If all the Nepalis who cast their votes in the bell come to the streets, we will show them what the AI ​​algorithm is, what the people are.
Here is a warning to Harke and UML.",positive
हाेइन राजेन्द्र  दाजु हामिले जितेछु भने के गल्ती  भया त । केनेपालि परतन्त्रहुनु पर्ने हाेल।,Kछ Nepal,https://www.youtube.com/watch?v=Kp2sVewoQWA,"No, brother Rajendra, if we won, what went wrong? Kanepali should be independent.",neutral
Chaca main Hindu Huan Ghar chale Jao  buda pa main  aaram karo,Kछ Nepal,https://www.youtube.com/watch?v=Kp2sVewoQWA,Chaca main Hindu Huan Ghar chale jao buda pa main aaram karo,neutral
प्र धान मन्त्री  बालेन्द् साहा काे असभाबिक र गयरजिम्मे बारि अभिबेक्ति,Samacharpati,https://www.youtube.com/watch?v=eTb8SyZun1M,Prime Minister Balend Saha's statement regarding non-attendance and irresponsibility,negative
Haha machikney bahun asti samma tw bolinas vanisa tw jailey hamro michyo matra bhanis ani ailey balen le j vanda ni support gardai aauxas alik sajak patrakarita gar,TheNepaliComment,https://www.youtube.com/watch?v=ryhQNybiElQ,Haha machikney bahun asti samma tw bolinas vanisa tw jailey hamro michyo matra bhanis ani ailey balen le j vanda ni support gardai aauxas alik sajak patrakarita gar,negative
यो चोर घन्टे हरु छोटो समाप्त पार्न अवस्यक छ नत्र देश निश्चित सकिन्छ,NewsInNepal,https://www.youtube.com/watch?v=PS7elNlcdHg,It is necessary to put an end to these thief hours or the country will be fixed,negative
Balen sah Said correct nepal also encroached some area of india,TheNepaliComment,https://www.youtube.com/watch?v=ryhQNybiElQ,Balen sah Said correct nepal also encroached some area of india,positive
"Strange - he is somehow proving that he has Madhese ancestors.  He should know that India got whole for free from British - it also has roots of Mahatma Gandhi's loin cloth, however, India is big and doing well.",KhojSamachar,https://www.youtube.com/watch?v=45rp5GC0tcQ,"Strange - he is somehow proving that he has Madhese ancestors.  He should know that India got whole for free from British - it also has roots of Mahatma Gandhi's loin cloth, however, India is big and doing well.",negative
@ka3n Don't support the government with blind fate.,WhySoOffended,https://www.youtube.com/watch?v=QeLbM6LdLBA,@ka3n Don't support the government with blind fate.,negative
Yo neta 4 jana nai laj saram pachauneheru hun,Kछ Nepal,https://www.youtube.com/watch?v=Kp2sVewoQWA,Yo Neta 4 Jana Nai Laj Saram Pachauneheru Hun,neutral
"""राजा विरेन्द्रको बंश विनाशको २५ औं जेष्ठ १९!
दरबार हान्ने गिरोह देखि देश हान्ने बालेनसम्म !

मदन भण्डारीलाई मारेर त्रिशुलीमा बगाउने, 
राजा विरेन्द्रको बंश हान्ने, प्रचण्ड-बाबुरामलाई 'युद्धका महानायक' बनाएर नेपाल भाँड्ने, 
सिंहदरबारमा आगो लगाउने र बालेन साहलाई नेपालको क्षेत्रीय अखण्डतामाथी हमला गर्न लगाउने देशी/विदेशी शक्ति केन्द्रहरु एउटै हुन्।

यिनीहरुको खतरनाक नेपाल विरोधी मिशन अझै सकिएको छैन।
 क्रमैसंग, अर्थतन्त्रको हत्या, व्यक्ती हत्या हुँदै नेपालको अखण्डताको हत्यासम्म आईपुगेका यी छद्मभेषी हत्याराहरु एउटै रणनीतिका फरक फरक मोहरा मात्र हुन्। 
     आज नारायणहिटी नरसंहार ,दरबार हत्याकाण्डको दिन हो। आजसम्मका अनुभवहरुलाई साक्षी राखेर नेपालीहरुले इतिहासबाट गतिलो पाठ सिकुन्। ""
       Bharat Dahal.
   ""अन्त्यमा ,      
आफ्नोदेश ,धर्म ,धर्मसंहिता ,स्वाभिमान ,स्वतन्त्रता ,
स्वाधीनता , सार्वभौमिकता ,सार्वभौमसत्ता रास्ट्र अखण्डता बचाउन लागिपरेका सम्पुर्ण देशभक्त नेपाली हरुको जो शृङ्खलाबद्ध हत्याकाण्ड ... देशीविदेशी प्रतिक्रियावादी अन्तर्राष्ट्रिय आतंकबाद बाट हत्याहिंसा दमन मा परी जिउँ_ज्यान गुमाउनु  हुने सम्पुर्ण देशभक्त नेपाली जनमा भावपुर्ण हार्दिक श्रद्धाञ्जली !! ""
        Ramchandra Khadka.",KhojSamachar,https://www.youtube.com/watch?v=COGGc-UvlaI,"""The 25th elder 19 of King Virendra's dynasty destruction!
From the palace-attacking gang to the country-attacking Balen!

Madan Bhandari was killed and washed away in Trishuli, 
Destroying the dynasty of King Virendra, dividing Nepal by making Prachanda-Baburam 'the great hero of the war', 
It is the same domestic/foreign power centers that set the Singhdarbar on fire and Balen Shah to attack the territorial integrity of Nepal.

Their dangerous anti-Nepal mission is not over yet.
 Gradually, these disguises have reached the point of murdering the economy, murdering individuals and killing the integrity of Nepal.",negative
Milnu parxa ani thik hunxa jasto lagxa malai,TheNepaliComment,https://www.youtube.com/watch?v=ryhQNybiElQ,Milnu parxa ani thik hunxa jasto lagxa malai,neutral
"Balen ko supporter ho भन्दैमा गलत कुरालाई पनि सही भन्नुभएन नि गलतलाई गलत भन्न सक्नुपर्यो ।
प्रधानमन्त्री जस्तो व्यक्तिले सीमा, राष्ट्रियता र सार्वभौमिकताजस्ता संवेदनशील विषयमा बोल्दा तथ्य, प्रमाण र स्पष्ट सन्दर्भसहित बोल्नु पर्‍यो। प्रधानमन्त्रीको हरेक शब्दले देशको प्रतिनिधित्व गर्छ। झोले बन्नुभएन के guys ho",IDSMediaNetwork,https://www.youtube.com/watch?v=U2jbDkyGWx4,"By saying Balen ko supporter ho, you didn't say the wrong thing right, you should have been able to say the wrong thing wrong.
When a person like the Prime Minister speaks on sensitive issues like borders, nationality and sovereignty, he has to speak with facts, evidence and clear context. Every word of the Prime Minister represents the country. You guys didn't become a bag",negative
"Sir ani balen sir le rostam bata yesto abhibekti dida kasto asar parcha tyo no vandinus , aile.india ma headline vako cha india ko jamin nepal le micheko cha vanera yesko k asar parcha tyo no vandinus",TankaDahal,https://www.youtube.com/watch?v=FqyGil9SZ9g,"Sir ani Balen sir le rostam bata yesto abhibekti dida kaso asar parcha tyo no vandinus, aile.india ma headline vako cha india ko jamin nepal le micheko cha vanera yesko k asar parcha tyo no vandinus",negative
Balen's lamo chai afraid,KhojSamachar,https://www.youtube.com/watch?v=45rp5GC0tcQ,Balen's lamo chai afraid,neutral
Kaam napayeka  MP harule Nimkanta pandey ko report bujhau.,NewsInNepal,https://www.youtube.com/watch?v=PS7elNlcdHg,Why did MP Harule Nimkanta Pandey report?,neutral
India is third party not Britain.,BBCNewsNepali,https://www.youtube.com/watch?v=c9X8FaPruKI,India is third party not Britain.,negative
"तर जानी जानी यश अघि दुई चार वटा अगाडि शब्द किन काटेकाे, अर्थकाे अनर्थ बनाउँदा भियूज आउँछ । एक दिन भियूज चक्करमा चक्कर खाने दिन तिम्राे पनि आँनेछ । Law of science",IDSMediaNetwork,https://www.youtube.com/watch?v=U2jbDkyGWx4,"But knowingly, why did you cut two or four words before Yash, when you make a mess of meaning, views come. One day your day will come when you will be dizzy with views. Law of science",neutral
Oooho balrnjile halk linuvkoxin ramro kur x jo boldaixu timihrulai deshko chintxin balenlai x deshko chint,NewsInNepal,https://www.youtube.com/watch?v=PS7elNlcdHg,Oooho balrnjile halk linuvkoxin ramro kur x jo boldaixu timihrulai deshko chintxin balenlai x deshko chint,positive
सिमाना जस्तो समेधनशील सम्बन्धित त्यो अविव्यति प्रधानमन्त्री बालेनको कमजोरी र गल्ती हो।,WhySoOffended,https://www.youtube.com/watch?v=QeLbM6LdLBA,It is a weakness and a mistake of Prime Minister Balen that is related to as restrictive as the border.,negative
देस काे प्रधानमन्त्री भयर यस्ताे नामर्द कुरा गर्न मिल्छ र जब कि अहिले सम्म भारत ले पनि भनेकाे छैन,GSMediaNetwork,https://www.youtube.com/watch?v=YcBSKgWFGXA,"Being the Prime Minister of the country, you can say such a stupid thing and till now even India has not said it",negative
मुल प्रश्न चै छुट्यो । माहाकाली संधि गर्दा काली नदी ( माहाकाली नदी ) को उदगम् बिन्दु नतोकिदा भारतले खेल्न पाएको छ । धेरै पुर्व आएर नक्कली काली नदी खडा गरेका छन् ।,Kछ Nepal,https://www.youtube.com/watch?v=Kp2sVewoQWA,"The main question is missed. At the time of the Mahakali Treaty, India got to play without specifying the source of the Kali River (Mahakali River). Many people have come to the east and built a fake black river.",neutral
विद्रोहको नाममा आफ्नै देश जलाउने खरानीलाई के देशको माया!यति अन्धभक्त दास त पहिलेका कार्यकर्ता पनि थिएनन् कमसेकम आफ्नै सरकारले गलत गर्दा भातृ संगठनले विरोध गर्थे त्यसैले यस्ता संगठन खारेज  गर्न खोजेको रैछ ताकि आफ्नो राज चलाउन सहज होस् तर मुठ्ठीभर अन्धभक्तले केही गर्न सक्दैनन्।,KhojSamachar,https://www.youtube.com/watch?v=COGGc-UvlaI,"What is the love of the country for the ashes that burn their own country in the name of rebellion! Such blind devotees were not even activists before, at least when their own government did wrong, the brotherly organizations opposed it, so they are trying to abolish such organizations so that it is easy to run their rule, but a handful of blind devotees cannot do anything.",negative
डण्ठेको ज्याजती भो,SagarmathaTV,https://www.youtube.com/watch?v=5S-KM7o_DRk,The stalk was cut,negative
balen sir ahile susta ma chai sena chai pathae dinu bharatiya ssb le dukha di raheko xa,TVTodayHD,https://www.youtube.com/watch?v=QZy_b9XNFfo,"Balen sir, while I am lazy, I am always on the path of Bharatiya SSB, I am saddened by this.",negative
"अव कुनै दिन भारतीय सरकारको निर्णय यो आउँने छ कि नेपालले भारतको कालापानी,लिपूलेक र लिम्पियाधुरा समेत मिचि नक्सामा समेटेकोले त्यो तुरून्त नक्सा बाट हटाउँनु पर्छ भन्यो भने के हुन्छ ???
      त्यसैले भात खाको मुखले बोलेको कि ....खाको मुखले बोलेको PM Balen ?
              नेपाली पक्ष्यले कुनै पनि हालतमा भारतीय भूमि मिच्नै सक्दैनन् किनकी भारतले अर्ध सैन्य बल पूर्ण रूपमा परिचालन गरेको र दशगजा बाट जंगे पिल्लर सारेको सयौं उदाहरणहरू भएको स्थानीय पिडा बोधका साथ बताई रहेका छन् ।🇳🇵😭🤪😜😝🥱😎🫣",Kछ Nepal,https://www.youtube.com/watch?v=Kp2sVewoQWA,"What if one day the Indian government decides that Nepal has included India's Kalapani, Lipoolek and Limpiyadhura in the Michi map, so it should be removed from the map immediately???
      So did PM Balen speak with the mouth of the rice eater or ....the mouth of the eater?
              Nepali birds can't cross Indian land under any circumstances because India has fully mobilized paramilitary force and hundreds of examples of moving Jange pillar from Dasgaja are being told with the pain of the locals.🇳🇵😭🤪😜😝🥱😎🫣",negative
Andbhakt 🤡,TheNepaliComment,https://www.youtube.com/watch?v=ryhQNybiElQ,Andbhakt 🤡,negative
भारतीय  बिशेसीया  परभकत आगल जीयू ले नेपाको भुमी लुटन पाएप छी दोसरो  बोस भाईदैन र तेसरो नाम नराख दुलो चटनु चानपॅला नेपीले नेपाल बेचेर सकियो एहहीहो  पुराना ले लुटर खाए भननेर घर जलाऊने  ले  अब छोडने छईनै,BBCNewsNepali,https://www.youtube.com/watch?v=c9X8FaPruKI,"Indian bishesiya, devotee, agal jiu le nepako bhoomi lootan paep chhi dosro boss bhaidain r tesro naam narak dulo chatnu chanpala napile nepal bechar sakiyo ohhiho le looter khaye bhanner ghar jaauna le le now leave chhainai",negative
यस्तै जनता ले गर्दा नेपाल गरिब भएको 😢😢😢😢,KhojSamachar,https://www.youtube.com/watch?v=COGGc-UvlaI,Nepal has become poor because of such people 😢😢😢😢,negative
छैन भारत ले नेपाल को जमिन मिचेको बरु भारत को जमिन हरपे को रहेछ । छितो फिर्ता दिनु पर्यो  गडवाल र सिक्किम दार्जिङ त दियिउ हामी ले अब कालापानी पनि आखै अगाडि खायो अझै पनि सिमा मिचेको छैन रे  भारत सङ डरायर कत्तु भित्र पस नेपाली हो हाम्रो भुमी फिर्ता चाहियो लिनु पर्छ यो डर्पोक भारत ले अंग्रेज़  सङ मिलेर हाम्रो जमिन लुत्यो अझै चुप लाग्ने हो?  नदि नाला हिमाल सबै भारत मा पारिसको अब बास अब तपाईं हाम्रा घर जग्गा लिन बाकी छ,KhojSamachar,https://www.youtube.com/watch?v=COGGc-UvlaI,"No India destroyed Nepal's land, but who lost India's land. Gadwal and Sikkim Darjeeling should be given back soon. We have now taken Kalapani too far, but the border has not been crossed yet. Do you want to come in with India? Nepali people want our land back.  Nadi, Nala, Himal, Parish, all over India, now you have to take our real estate",negative
अझै पनि नयाँ सरकारले पुरानै सरकार मोह अंगाले। दुर्भाग्य भडूवा औलाद कुर्सी जोगाउने निर्भर।,BBCNewsNepali,https://www.youtube.com/watch?v=c9X8FaPruKI,"Still, the new government embraced the old government. Bad luck depends on protecting the offspring of the chair.",negative
"Balen le j bolnu vayo ekdam thik , sahi bolnu vako xa. Nepal ra india ko border ma kunai fencing, boundry wall ra sabai thau ma force pani xaina yo.",Samacharpati,https://www.youtube.com/watch?v=eTb8SyZun1M,"If you want to speak, then you should speak correctly. There is kunai fencing on the border between Nepal and India, and you have forced water on the boundary wall.",positive
Nepali le Aama KO Maya gardaina paisa paryo dharam chhorchha tes laj ghin saram chhaina tyo jamayeko hoina bata ma bhayeko chhoro banchha,Kछ Nepal,https://www.youtube.com/watch?v=Kp2sVewoQWA,Nepali le Aama KO Maya gardaina paisa paryo dharam chhorchha tes laj ghin saram chhaina tyo jamayeko hoina bata ma bhayeko chhoro banchha,neutral
बालेन सरकार हाे याे बुझ्नुभयाे पहिलाकाे काङ्रेस ऐमाले माओबादि काे सरकार हाेईन 👃🙏🙏,NewsInNepal,https://www.youtube.com/watch?v=PS7elNlcdHg,Balen government is not the previous Congress Aimale Maoist government 👃🙏🙏,positive
China le gareko xa ki xaina sir  encroachment,TankaDahal,https://www.youtube.com/watch?v=FqyGil9SZ9g,China le gareko xa xaina sir encroachment,neutral
"रास्वापा ले महाकाली ,कालापानी, लिम्पिया धुरा बेचे को भए  ई पूराना पार्टीले प्रश्न सोध्नु त  परै जावस्  पिट्नु कुट्नु  तिर जसिलाग्थे त्यसै त टेबल उचाल्छन् अनि र आई ले बनाएको भनेर उल्लु बनाउनु खोज्छन्",Kछ Nepal,https://www.youtube.com/watch?v=Kp2sVewoQWA,"If Raswapa sold Mahakali, Kalapani, Limpiya Dhura, the Purana party would not ask questions, but they would go on beating, they would raise the table and try to make an owl that they had made it.",positive
Ho yr akchoti feri yo bisayama clear bolnu parcha balen,KhojSamachar,https://www.youtube.com/watch?v=COGGc-UvlaI,Ho yr akchoti feri or bisayama clear bolnu parka balen,negative
Ye nepal wale bharat se kyo ladte hai jab bharat nepal ki hamesha help karta hai jaye bhukamp aye ya arthik madad . Chaina ke se kyo nahi Ladte chaina ne to tumhare gao ke gao. Kabzaye the . Kyoki bharat apne padosio ke liye soft hai agar bharat chaina jaisa akramak ban jaye to in chhote chhote chhote desh ki himmat bhi nhi hogi india ko akh dikhane. Ki,TheNepaliComment,https://www.youtube.com/watch?v=ryhQNybiElQ,"Why do these Nepalese blame India when India always helps Nepal in case of earthquake or economic help. Because of the chain, why don't the boys sing your songs? Capture the. Because India is soft towards its neighbors, if India becomes aggressive like China, then this small country will not even have the courage to show its eyes to India. Ki",neutral
Dont dream that india will give back limpiyadhura where  they have many  villages with indian citizens. its not going to be solved with table talk alone.,KhojSamachar,https://www.youtube.com/watch?v=45rp5GC0tcQ,Dont dream that india will give back limpiyadhura where  they have many  villages with indian citizens. its not going to be solved with table talk alone.,negative
"केईहैन,एकशाथिकाे निम्ति अर्काेशाथीले स्टंटअडीग्निटी तिलाञ्जली।-सुनीताआशल्लाहाकार",NewsInNepal,https://www.youtube.com/watch?v=PS7elNlcdHg,"No, for one person, another person is trying to stunt dignity. - Sunita Ashallahakar",neutral
जस्ले 35 बर्ष माखो मारेन अहिले आएर पाठ सिकाउन खोज्छ । यिनी हरु लाई त घोटला को बारेमा उठबस गराउन पर्छ बानिया सर,Kछ Nepal,https://www.youtube.com/watch?v=Kp2sVewoQWA,"Those who did not kill Makho for 35 years now come and try to teach. They should be made aware of the scam, Bania sir",positive
Raja aawdes bchaw jay Nepal gareter nepal kalapani hamro ho,NewsInNepal,https://www.youtube.com/watch?v=PS7elNlcdHg,Raja aawdes bchaw jay nepal gareter nepal kalapani hamro ho,neutral
Rasapa ko sansad tw balen ko bhakta haru po raixa😂,KhojSamachar,https://www.youtube.com/watch?v=45rp5GC0tcQ,Rasapa's parliament has become a devotee of two bald people.,negative
Ke jhootho aaroop lgaiaer aafno abaj cahi agaree nai pooriauchh Testo hoonshkdn indiaa le shabile aafno abaj agaree bdhau chh   kre indiaa le aafni cor r baiman bhiaer aroolai cor bnauchh,GSMediaNetwork,https://www.youtube.com/watch?v=YcBSKgWFGXA,Ke jhootho aaroop lgaiaer aafno abaj cahi agaree nai pooriauchh Testo hoonshkdn indiaa le shabile aafno abaj agaree bdhau chh kre indiaa le aafni cor r baiman bhiaer aroolai cor bnauchh,negative
"अहिले बिकास बिरोधिहरुले बालेनले खोके पनि राजिनामा, नबोलेपनी राजिनामा, सत्य बोले पनि राजिनामा, जेगरे पनि राजीनामा मागी रहेका छन्  jungali haru le । यिनिहरुले जसरी पनि सरकारको बिरोध गरेर सरकारलाई कमजोर बनाउन खोजिरहेका छन । किनकि यिनिहरु बालेन सरकारको एकपछि अर्को राम्रो कामबाट आत्तिएका छन । बालेन सरकार आएदेखी यिनिहरुले देश लुट्न पाएका छैनन्  त्यसैले बालेन सरकारको  हरेक राम्रो कामको बिरोध गर्दैछन । अब हामीले जतिसक्दो बालेन शाहको समर्थन गर्नु पर्छ । jungali sakina laka tme dalal hatyara communist haru",KantipurTV,https://www.youtube.com/watch?v=7XaHoexB7rQ,"Now the opponents of development are asking for resignation even if they cough, resign even if they don't speak, resign even if they speak the truth, even if they are demanding resignation jungali haru le. They are trying to weaken the government by opposing the government. Because they are frightened by one good work of Balen government. They have not been able to loot the country since the Balen government came, so they are opposing every good work of the Balen government. Now we have to support Balen Shah as much as possible. jungali sakina laka tme dalal hatyara communist har",positive
"Kamjor 
Gulami
Darpok
Sabai ho nepali.

Ka michyo proof ta holani?
Tyati bolnu milxa?",TheNepaliComment,https://www.youtube.com/watch?v=ryhQNybiElQ,"weak 
Slavery
Darpok
Sabai is nepali.

What proof is there?
Tyati bolnu milka?",negative
to think china le nepal ko road milayo and then india ko sabai construction le nepal lai matra duba ko cha. its shameful,TheNepaliComment,https://www.youtube.com/watch?v=ryhQNybiElQ,to think that China took the road to Nepal and then India took construction work to Nepal and then drove it to Nepal. its shameful,negative
त भतुवा होस् मिजि😡😡😡,KhojSamachar,https://www.youtube.com/watch?v=COGGc-UvlaI,Be a moneylender 😡😡😡,neutral
Jay india lekhna bhulexau des drohi pashu,GSMediaNetwork,https://www.youtube.com/watch?v=YcBSKgWFGXA,Jai india lekhna bhulexau des drohi pashu,negative
Dai sandima becheko Kura ni nikalnuparne,Kछ Nepal,https://www.youtube.com/watch?v=Kp2sVewoQWA,"When you sell sandima, don't take it out.",neutral
"रबि मुर्दाबाद 
रासपा मुर्दाबाद 
बालेन मुर्दाबाद!!!!!!
नेपाली मान्छे ले इन्डिया को भुमि मिचेका छैनौ!!!!!!

यो इन्डिया अधर्मी हो
यो इन्डिया का नेता अधर्मी हुन!!
कसरि??
नेपाल को नक्सा इन्डिया को सन्सद मा राख्नु लगायो मोदि ले,,अनि भन्च अखण्ड भारतवर्ष!! यो कुटनैतिक प्रयासमा आतन्कारि इन्डिया को अधर्मी चाल बहिस्कार गरौ इन्डिया को , बिरोध गरौ इन्डिया को!!!!
बिस्व मा महान बुद्धि जिबि हरु को ध्यान केन्द्रित रहोस नेपाल को भुमि मा इन्डिया को गिद्धे नजर लाइ तुरुन्तै कारबाही गरियोस्!!!!!!
नेपाल लाइ इन्डिया को भुमि मा लालच छैन तर इन्डिया ले सधै मेरो घर (नेपाल) मा हस्तछेप गरेको छ!
इन्डिया मुर्दाबाद 
इन्डिया मुर्दाबाद 
इन्डिया मुर्दाबाद 
मोदि ले आफ्नो bed room मा uk कि रानि को फोटो राखेर भन्च भोलि त uk कि रानि मोदि की स्वास्नि हुने हो भन्दै मेडिया मार्फत सुचना प्रभा गर्दा के हुन्छ???
हो तेस्तै गरेको हो नेपाल नेपाली को स्वामित्व मा नाङ्गो नाच नचाउने मोदि मुर्दावाद!!!!!
महाभारत काल मा जब विध्वान अधर्म हुदा मौन भएर हो लडाइ,,, हाल वर्तमान मा इन्डियन इन्डिया नै अधर्मी तत्व हरु गुट भएको छ र बिस्व को लडाइ इन्डिया बाट नै हुने हो!!!!!!
यो मेडिया पनि अधर्मी को साथ दिएको मा यो मेडिया पनि मुर्दाबाद!!!!!!
इन्डिया मुर्दाबाद 
इन्डिया मुर्दाबाद 
इन्डिया मुर्दाबाद 
बालेन नेपाल को प्रधानमन्त्री होइन
बालेन आतन्कारि हो
यहि सुचना प्रभा गरेको छ यहि सत्य हो
जय जय जय नेपाल नेपाली",BBCNewsNepali,https://www.youtube.com/watch?v=c9X8FaPruKI,"Rabi Murdabad 
RSP Murdabad 
BALAN MURDABAD!!!!!!
Nepali people have not destroyed the land of India!!!!!!

This India is lawless
This leader of India is unrighteous!!
how??
Modi asked to put the map of Nepal in the Parliament of India, and that is a united India!! Boycott India's unrighteous move by terrorists in this diplomatic effort, protest India!!!!
May the attention of the great intellectuals in the world be focused on the vulture gaze of India on the land of Nepal!
India to Nepal",negative
"Sorry dai Suru ma k vannu vo tapai ley sadhai nepal ley India ko vumi micheko Rey Ani feri k Rey ,??",TheNepaliComment,https://www.youtube.com/watch?v=ryhQNybiElQ,"Sorry dai Suru ma k vannu vo tapai ley sadhai nepal ley India ko vumi micheko Rey Ani feri k Rey ,??",negative
Good Video and yes everyone should criticise government when it's needed otherwise it will be very bad example for Democracy.,WhySoOffended,https://www.youtube.com/watch?v=QeLbM6LdLBA,Good Video and yes everyone should criticise government when it's needed otherwise it will be very bad example for Democracy.,negative
Hijoko din samma chai balen shah ji le gareka harek action ko support gardai aayepani hijo ko Tyo statement prati chai mero pani ghor aapatti xa. Yo galti vayekai ho ra yesko aatmaalochanaa gari PM le janata ra bishwa samudaya samakshya galati ko maafinaamaa pesh garnai parxa. Kaam garne maanxe batai galati hune ho. Aafnu galti lukaaunu maa vandaa galti mahasus gari sachchiyera aghi badhdaa sabaiko saath milnexa. Ahile samma Balen ji tapai prati bishwas gumisakeko xaina ra ajhai pani desh ko kayakalap pariwartan hunexa vanne aash yathaawat nai xa. Kehi kura ego maa nalikana sujhaaw anusaar aghi badhnu hola. Tapaiko ra sampurna desh ko jay hos.,KhojSamachar,https://www.youtube.com/watch?v=COGGc-UvlaI,Hijoko din samma chai balen shah ji le gareka harek action ko support gardai aayepani hijo ko Tyo statement prati chai mero pani ghor aapatti xa. Yo galti vayekai ho ra yesko aatmaalochanaa gari PM le janata ra bishwa samudaya samakshya galati ko maafinaamaa pesh garnai parxa. Kaam garne maanxe batai galati hune ho. Aafnu galti lukaaunu maa vandaa galti mahasus gari sachchiyera aghi badhdaa sabaiko saath milnexa. Ahile samma Balen ji tapai prati bishwas gumisakeko xaina ra ajhai pani desh ko kay,negative
"Typing the hate of india 🤬😡🇮🇳🤡
👇🏻",TheNepaliComment,https://www.youtube.com/watch?v=ryhQNybiElQ,"Typing the hate of india 🤬😡🇮🇳🤡
👇🏻",neutral
Pramaad bhayera bolako hola..it’s very diplomatic.,KhojSamachar,https://www.youtube.com/watch?v=45rp5GC0tcQ,Pramaad bhayera bolako hola..it's very diplomatic.,positive
Yo you tuber haru le jhan Aago ma Gheu thapne kam garxan,KhojSamachar,https://www.youtube.com/watch?v=COGGc-UvlaI,Yo you tuber har le life aago ma wheat padne kam rakshan,neutral
"नैतिकताको आधारमा बालेन शाहले तुरुन्त प्रधानमन्त्री पदबाट राजीनामा दिनुपर्छ। देशको सर्वोच्च पदमा बसेर यस्तो आत्मघाती अभिव्यक्ति दिनु भनेको राष्ट्रिय हितको ठाडो बेइमानी हो। काठमाडौंको मेयरको शैलीमा देश चलाउन खोज्नु घातक साबित भइरहेको छ। 

यो मुद्दामा अब सत्ता पक्ष र प्रतिपक्ष भनेर विभाजित हुने होइन। सबै राजनीतिक दल, नागरिक समाज र राष्ट्रवादी शक्तिहरू एउटै ठाउँमा उभिनुनै पर्छ। सीमा राष्ट्रघातको विषयमा कुनै सम्झौता हुन सक्दैन।",TheNepaliComment,https://www.youtube.com/watch?v=ryhQNybiElQ,"Balen Shah should immediately resign from the post of Prime Minister on the basis of ethics. Sitting in the highest office of the country and giving such a suicidal expression is a blatant dishonesty of the national interest. Trying to run the country in the style of the mayor of Kathmandu is proving fatal. 

This issue will no longer be divided into power and opposition. All political parties, civil society and nationalist forces must stand together. There can be no agreement on the issue of border treason.",negative
"प्रधानमन्त्री चिप्लिनुभन्दा पनि अब त्यसलाई पुष्टि गर्न भारतमात्रै होइन, हाम्रै नेपालीहरू पनि कम्मर कसेर लाग्ने डर ठूलो छ ! 
लाखौँ नेपालीले भारतीय पत्रपत्रिकामा गरिएका दाबी र समाचार शेयर गर्दै नेपालले भारतको सीमा मिचेको कुरा सत्य हो भन्ने साबित गर्ने सम्भावना छ । जति ठूलो स्वर, त्यति ठूलो सत्य बन्छ । प्रधानमन्त्रीलाई सही साबित गर्ने होडमा अर्को गल्ती नगरौँ !

सत्य के हो भने प्रधानमन्त्रीबाट सार्वभौम सदनमा दर्ज भएको त्यो स्वीकारोक्ति कूटनैतिक दृष्टिले एकदम अपरिपक्व र घातक छ । कुनै दबाबबिना स्व:स्फुर्त रूपले भारतको सीमा मिचेको नेपालले स्वीकार गरेको छ । जबकि यत्रतत्र भारतबाट मिचिएको सीमाबारे भारतले सधैँ अस्वीकार गर्दै आएको छ ।

सीमाविवाद हुनु, मिचिनु, अतिक्रमित हुनु एउटा कुरा हो । औपचारिक रूपले स्वीकार गर्नु फरक कुरा हो । त्यो पनि भारतले समेत सार्वजनिक दाबी गर्न नसकेको विषयमा हामीले नै यत्तिकै स्वीकार गर्नु कस्तो होला ! 

हो खुला सीमामा नागरिक स्तरमा समेत केही भूमि दुबै तर्फबाट अतिक्रमित भएका होलान् ! केही गज या केही बिगाहा त्यो जमीन 'देशले मिचेको' होइन । तर कालापानीजस्ता क्षेत्र नागरिक स्तरको अतिक्रमण होइन, भारतले नै मिचेको हो ! नागरिक अतिक्रमण र राजनैतिक अतिक्रमण फरक कुरा हुन् । 

नागरिक स्तरमा मिचिएको सीमा द्विपक्षीय समितिहरूले सुधार गर्दै आएका पनि छन् ! कैयौँ सीमास्तम्भ हेरफेर या नवीकरण भएको छ । कैयौँ स्थानीय सीमाविवाद हल भइसकेका छन् । तर नेपालको मुख्य समस्या राजनैतिक तहकै अतिक्रमण हो । 

अब अन्तर्राष्ट्रिय नजरमा के देखिने भयो भने, नेपालको सीमा मिचिएको कुरा दाबीमात्रै हो ! तर नेपालले सीमा मिचेको चाहिँ सत्य हो ! अझ नक्सा नै बढाएर उपभोग नै नगरेको भूमिसमेत मिचेको दाबी भारतले सजिलै गर्न पाउने देखियो । 

यो गल्तीलाई स्वीकार गरौँ । यसलाई सत्य साबित गर्न नलागौँ । डोनाल्ड ट्रम्प शक्तिशाली देशका राष्ट्रपति हुन् । उनको अत्यन्त गैरजिम्मेबार र शून्य-कूटनैतिक भाषा पनि पाच्य हुन्छ तर हामी त्यो ठाउँमा छैनौँ । हामी अत्यन्त सावधान र सचेत भएर बोल्न र चल्न पर्छ । 

सीमामुद्दाहरू संसदबाट हल भएका इतिहास नगण्य छन् । अझ त्यसलाई नागरिक बहसको विषय बनाएर कहिल्यै हल निस्किन्न ! यो द्विपक्षीय या आवश्यकता अनुसार अन्तर्राष्ट्रिय कूटनीति र सघन संवादबाटै हल हुने हो । द्विपक्षीय सम्बन्ध बिगारेर होइन, सुधारेरमात्रै यस्तो समस्या हल हुन्छ । सरकारले यस विषयमा संवेदनशील भएर, विज्ञहरूको राय र सहयोग लिएर अघि बढ्न जरूरी हुन्छ । विपक्षीहरूले पनि यसलाई राजनैतिक हल्ला नबनाई सरकारलाई सिर्जनात्मक सहयोग गर्नु आवश्यक हुन्छ । यत्रो वर्ष हल नभएको मुद्दा नयाँ सरकार आउनेबित्तिकै दुई महिनामैँ जबाफ खोज्नु पनि एउटा गल्ती हो । चुच्चे नक्सा पनि आफैमा समाधान थिएन । त्यसलाई सीमामैँ लागू गर्नु समाधान हो, जुन कुरा सजिलो नभएकैले तीनवटै दलले गर्न नसकेको सत्य हो । 

यो बदनियतवश आएको अभिव्यक्ति पक्कै होइन ! मानवीय गल्ती र अपरिपक्वताको परिणाम हो यो । मान्छेबाट गल्ती हुन्छ । प्रम पनि मान्छे नै हुन् । सरकारले नै यसलाई कूटनैतिक व्याख्या र अवतरण गरोस् । ड्यामेज कन्ट्रोलको उपाय गरोस् । प्रधानमन्त्रीले गल्ती स्वीकार गरेर यो हल्लालाई शान्त गर्ने प्रयास गरून् । प्रतिपक्षीले पनि यस्तो संवेदनशील मुद्दामा राजनीति गर्नुभन्दा समाधान र सेफल्याण्डिंग के हो त्यो विचार गरोस् । जति चर्को वादविवाद र बहस हुन्छ, त्यति नै ड्यामेज हुन्छ । यो राजनैतिक जीतहारको विषय होइन ।",IDSMediaNetwork,https://www.youtube.com/watch?v=U2jbDkyGWx4,"The fear is that not only India, but also our Nepalese will tighten their belts to confirm the Prime Minister's slippage! 
There is a possibility that millions of Nepalis will share the claims and news made in Indian newspapers and prove that it is true that Nepal has crossed India's border. The louder the voice, the louder the truth. Let's not make another mistake in the bid to prove the Prime Minister right!

The truth is that the confession recorded by the Prime Minister in the Sovereign House is very immature and fatal from a diplomatic point of view. Self-cleaning without pressure",negative
के बुझियो भने नापी नक्सा नभैन्जल अरुको खेत बारी मा गएर घर बनाएर जिबन भर बस्दा पनि उपभोग गर्दा पनि सिमा मिचेको भन्न नपाइने रैछ तर बोडर क्रस चाही भन्दो रैछ 😁,IDSMediaNetwork,https://www.youtube.com/watch?v=U2jbDkyGWx4,"If you understand, even if you go to someone else's farm and build a house and live there for the rest of your life, even if you consume it, you cannot say that you have crossed the border, but you have to cross the border.",positive
Yo padma aaumai k bolakaki alikati bujhnu parxa eh aaimai vana ta mukha xodna man theyo ab astri xodhnu ne milana ini jhola haru aaha aayara khub thulo thulo kura garaxan aahil samn k gari basa theya jhola haru aaha aayara,Kछ Nepal,https://www.youtube.com/watch?v=Kp2sVewoQWA,Yo padma aaumai k bolakaki alikati bujhnu parxa eh aaimai vana ta mukha xodna man theyyo ab astri xodhnu ne milana ini jhola haru aaha aayara khub thulo thulo kura garaxan aahil samn k gari basa theya jhola haru aaha aayara,neutral
हनुमान हरुले गलत बोल्दा पनि ताली ठोक्नु भ्याए देश भन्दा घण्टी ठुलो मान्ने हरु ले देश को लागि के पो आश राख्नु खोइ 5 बर्ष एतिकै सकाउने भए खराने हरुले😂,KhojSamachar,https://www.youtube.com/watch?v=45rp5GC0tcQ,"If Hanuman claps even when he speaks wrongly, those who believe that the bell is bigger than the country, what hope do they have for the country, if they can do it for 5 years, they will scratch it.",negative
Balen mistake 😅,WhySoOffended,https://www.youtube.com/watch?v=QeLbM6LdLBA,Bummer mistake 😅,negative
you cupturing our land and you taking about it don't forget we will recapture all the land you cupture,TheNepaliComment,https://www.youtube.com/watch?v=ryhQNybiElQ,you cupturing our land and you taking about it don't forget we will recapture all the land you cupture,positive
Michekoi hola bithai boldaina hau pahilako jasto chor neta hoina ni Aile ko le,GSMediaNetwork,https://www.youtube.com/watch?v=YcBSKgWFGXA,Michekoi hola bithai boldaina hau pahilako jasto chor neta hoina ni Aile ko le,positive
Yo galat bole pm le nepal le kahi katai pani indiako jagga micheko xin chetaya bhaya,Samacharpati,https://www.youtube.com/watch?v=eTb8SyZun1M,Yo wrong says PM is trying to sleep with Indians in Nepal,negative
It's time to pressure balen shah if we want good governance hamro  bhawana mathi khelbad nagariyos hapta ko 1 choti vayani sadan aaunaparyo atti bata atyachar ma najawos hype payera jitey jasto huna thalisakyo aba tw aayera lil grizzle lai jasto rebuttal hannuparyo .,WhySoOffended,https://www.youtube.com/watch?v=QeLbM6LdLBA,It's time to pressure balen shah if we want good governance hamro bhawana mathi khelbad nagariyos hapta ko 1 choti vayani sadan aaunaparyo atti bata atyachar ma najawos hype paidera jitey jasto huna thalisakyo aba tw aayera lil grizzle lai jasto rebuttal hannuparyo .,negative
"Unnecessary dispute by both India and Nepal, instead of dialogue and mutual meeting, they are just creating their own mess, better fence the border with Nepal and revoke article 7 of India Nepal friendship treaty that allows nepali citizens stay anywhere in India.",TheNepaliComment,https://www.youtube.com/watch?v=ryhQNybiElQ,"Unnecessary dispute by both India and Nepal, instead of dialogue and mutual meeting, they are just creating their own mess, better fence the border with Nepal and revoke article 7 of India Nepal friendship treaty that allows nepali citizens stay anywhere in India.",negative
TV today Pani GODI media nai rahex vanne pakka vayo,TVTodayHD,https://www.youtube.com/watch?v=QZy_b9XNFfo,TV today Pani GODI media nai rahex vanne pakka vayo,neutral
निजी बिधालय का अभिभावक लाई पेलेर समयता को कुरो उठाएर कर उठाउने सरकार को तर्क हास्यास्पद छ। सरकारको दायित्व हो समयता को ब्यवस्था कसरी गर्ने भन्ने । न कि जनताकै अनैतिक कर ओसुलेर।,Samacharpati,https://www.youtube.com/watch?v=eTb8SyZun1M,The argument of the government to raise tax by paying the parents of private schools is ridiculous. It is the government's responsibility to decide how to manage the timing. Not by collecting unethical taxes from the people.,neutral
Mr pm balean must proof where nepal has been taken indiean lion.either pm blean must proof other wise he Mr balean tealiyea has no authority to stay pm of nepal .Quick must arrest to the balean sha.due toindiean.,NewsInNepal,https://www.youtube.com/watch?v=PS7elNlcdHg,Mr pm balean must proof where nepal has been taken indiean lion.either pm blean must proof other wise he Mr balean tealiyea has no authority to stay pm of nepal .Quick must arrest to the balean sha.due toindiean.,negative
But nepal is hindus will you fight against hindus,TheNepaliComment,https://www.youtube.com/watch?v=ryhQNybiElQ,But nepal is hindus will you fight against hindus,neutral
War huncha border ko subject ma kura bado vane 😅,TankaDahal,https://www.youtube.com/watch?v=FqyGil9SZ9g,War has raised the border but still there is no subject 😅,negative
😂😂😂 Bruh,NewsInNepal,https://www.youtube.com/watch?v=PS7elNlcdHg,😂😂😂 Bruh,neutral
भोट हुनु भन्दा पहिले एउटा ईन्डीयन को भिडियो हेरेको  थिए । प्यारा भाई बेहेनो केपी ओलीले त भ्रष्टाचार मात्रै गरयो रास्वपाले त देशै बेच्छ भोट नदिनु होला भनेर। साच्चै हो कि क्या हो,GSMediaNetwork,https://www.youtube.com/watch?v=YcBSKgWFGXA,"Before voting, he watched a video of an Indian. Dear brother Beheno, KP Oli only did corruption and RSVP is selling the country so that you don't vote. What is it really?",negative
हामी तपाईँले पद जोगाउने आफूले गल्ती गरेको जोगाउने स्वार्थको आफ्नो स्वार्थको कानुनमा सार्वजनिक गराउनमा राखेर सर्वजनिक गरुम बुद्धिजीवी सरकारहरू माननीय ज्यूहरू किचलना निकाली राख समय अहिले डाँडा काटिसक्यो। केको लागि हाम्रो नेपालमा चाहिँ यस्तो गरिराखेको भनिराखेको।,InsideNepalNews,https://www.youtube.com/watch?v=JJpkqAM-uf0,"We want you to protect your position, to protect your own interests, to protect your own selfishness, to make it public in the law. Why are you saying that we are doing this in Nepal?",negative
"सीमा बिबाद र  सिमा मिचेको कुरो एकदम अलग कुरा हो नेपालले सिमा मिचेको कुरो होइन, तर इन्डियाले चाहि नेपालको  भुमि  मिचेको हो।",BBCNewsNepali,https://www.youtube.com/watch?v=c9X8FaPruKI,"Border dispute and border crossing are two different things. It is not that Nepal has crossed the border, but India has crossed the territory of Nepal.",negative
We are creating new wave of Jholes in Nepal & This whole lot is even more dangerous 😅 Even MP like Bablu Gupta is trying hard to prove it,TankaDahal,https://www.youtube.com/watch?v=FqyGil9SZ9g,We are creating new wave of Jholes in Nepal & This whole lot is even more dangerous 😅 Even MP like Bablu Gupta is trying hard to prove it,negative
Balen Le vaneko nai tehi ho,TankaDahal,https://www.youtube.com/watch?v=FqyGil9SZ9g,Balen Le vaneko nai tehi ho,negative
बालेन सर झुट बोल्न बन्द गर्नुस हाम्रो नेपाल आमा अस्मिता ईज्जत कालापानी लिपुलेक लिपियाधुरा सुस्ता अरु 72 ठाँउ को नेपाल भुमी जमिन जबर्जस्ती मिच्ने सदै नेपाल माथी दादागिरी अतेचार अन्याय जुल्म गर्ने दुश्मन ईन्डिया मोदि चोर बेइमान कडा बिरोध बहिष्कार गर्न जरुरी छ पर्छ  हाम्रो नेपाल को सबै भुमी जमिन फिर्ता लिन जरुरी छ पर्छ जय नेपाल आमा❤❤❤❤❤❤,GSMediaNetwork,https://www.youtube.com/watch?v=YcBSKgWFGXA,"Balen sir, stop telling lies. Our mother Nepal, Asmita, Izzat, Kalapani, Lipulek, Lipiyadhura, Susta, and other 72 places of Nepal, are forcibly eradicating the land of Nepal.",negative
"Lol found you here too . only if u put this much effort in job. 

Anyway, not saying you are totally incorrect but could you give me some reason for u to believe he is congress funded",WhySoOffended,https://www.youtube.com/watch?v=QeLbM6LdLBA,"Lol found you here too . only if u put this much effort in job. 

Anyway, not saying you are totally incorrect but could you give me some reason for u to believe he is congress funded",neutral
योसम्बिधान्लेकेदियोत लुट्नचोर्न देसकोनदिनालाबेच्न तेहिदियोहैनर,NewsInNepal,https://www.youtube.com/watch?v=PS7elNlcdHg,yosambidhanlekediot lutnachorn deskondinalabechan tehidyohaner,negative
बोल्ने ढंग र तरिका छैन र त संसद् मा  उपस्थिति हुने रैन छ त,News24Nepal,https://www.youtube.com/watch?v=ZuMOJjCsthA,There is no style and manner of speaking and there is no presence in the parliament,negative
"Anyone reading my comments 
Lets everyone starting msg  our honerable home minister Sudan gurung
Investigate the case of NIRMALA PANT
LETS DO IT TOGETHER",WhySoOffended,https://www.youtube.com/watch?v=QeLbM6LdLBA,"Anyone reading my comments 
Lets everyone starting msg  our honerable home minister Sudan gurung
Investigate the case of NIRMALA PANT
LETS DO IT TOGETHER",neutral
"Use your brain idiots . तपाईहरूलाई के लाग्छ  बालेन आफुले आफ्नो टाउकोमा पानीको बाल्टी खन्याउने मूर्ख हो? मलाई त यस्तो पट्टकै लागेन। He is goddamn genius. बालेनको एक कुटनैतिक चालले भारतमा तहल्का मच्चियो। बिरोधको लागी बिरोध गर्ने  नेपाली मिडिया, राजनैतिक दल र तिनका झोलेहरु र यि स्वघोषित सिमा बिधहरुमा बालेनको कुटनैतिक चाल बिझ्ने औकत छैन। भारतिया मिडियाहरुमा आवाज नउठेसम्म लिपुलेक र कालापनी बारे जस्ले जति हात उफ्रेर कराए पनि भारतले बाल दिने वाला थिएन तर अहिले अवस्था फरक भयो। बालेनको एक चालले चिन र ब्रिटेन मुछेर क्षेत्रीय बहसलाई अन्तर्राष्ट्रिय संवादमा परिणत गरे। आब लिपुलेक र कालापनी नेपालको नक्सामा फर्कन्छ।",NewsInNepal,https://www.youtube.com/watch?v=PS7elNlcdHg,"Use your brain idiots. Do you think Balen is a fool to pour a bucket of water on his head? I didn't think so at all. He is a goddamn genius. A diplomatic move by Balen caused a stir in India. Nepali media, political parties and their supporters who are protesting for the sake of protest, and Balen's diplomatic moves in these self-proclaimed border issues, have no way of stopping. India was not going to give up no matter how many people raised their hands about Lipulekh and Kalapani until the Indian media raised their voice, but now the situation is different. A move from Balen's Chin and Br",positive
@ombaidya4724 brother get out of ig and fb university asap🤣,WhySoOffended,https://www.youtube.com/watch?v=QeLbM6LdLBA,@ombaidya4724 brother get out of ig and fb university asap🤣,neutral
"Fuck fascism. I couldn't care less about limpiyadhura or lipulekh shit. for all i care india can take half of nepal if it means better lives of people. It's should never be about saving Nepal, rather it must be about saving Nepalese.",WhySoOffended,https://www.youtube.com/watch?v=QeLbM6LdLBA,"Fuck fascism. I couldn't care less about limpiyadhura or lipulekh shit. for all i care india can take half of nepal if it means better lives of people. It's should never be about saving Nepal, rather it must be about saving Nepalese.",neutral
"जय  घण्टी,   अब    हरूवा  दलहरु   फेरि   रुन  थाले ....  राष्ट्र   पिता  पृथ्वीनारायण   शाह्को  जय  जय  जय",News24Nepal,https://www.youtube.com/watch?v=ZuMOJjCsthA,"Jai bell, now the parties started crying again.... Jai Jai Jai to the father of the nation Prithvi Narayan Shah",positive
Ktm regular,Samacharpati,https://www.youtube.com/watch?v=eTb8SyZun1M,Ktm regular,neutral
Yastei ho sathiharu  raype tape deshko pm bane paxi.ajha herdai Janus k k  garchhan yinihru,KhojSamachar,https://www.youtube.com/watch?v=45rp5GC0tcQ,Yastei ho satiharu raype tape deshko pm bane paxi.ajha herdai Janus k k garchhan yinihru,negative
चोरले अरूलाई नसिकाउँदा बेस,NewsInNepal,https://www.youtube.com/watch?v=PS7elNlcdHg,It is better if the thief does not teach others,neutral
No one point kura,GSMediaNetwork,https://www.youtube.com/watch?v=YcBSKgWFGXA,No one point kura,neutral
yesle nepali lai india ko gulam banayera xodxa yedi aafno janta ko maya bhaye tyo bichara sukumbasi harulai bina bebastha pan gari testo atyechar gardaina thiyo hola ma sukumbashi ta hoina tara pani malai aba yesto lagna thalisake xa ki balen ko attidude ra nidarta ko paxadi pakkai pani kunai thulo support xa kunai samjhauta xa desh ko surcha aba hamro hath ma xa aba yo herna baki xa tapai k garnu hunxa ta????,KhojSamachar,https://www.youtube.com/watch?v=45rp5GC0tcQ,yesle nepali lai india ko gulam banayera xodxa yedi aafno janta ko maya bhaye tyo bichara sukumbasi harulai bina bebastha pan gari testo atyechar gardaina thiyo hola ma sukumbashi ta hoina tara pani malai aba yesto lagna thalisake xa ki balen ko attidude ra nidarta ko paxadi pakkai pani kunai thulo support xa kunai samjhauta xa desh ko surcha aba hamro hath ma xa aba yo herna baki xa tapai k garnu hunxa ta????,negative
प्रधानमन्त्री को बिरोध को बहस मात्र देखियो,Kछ Nepal,https://www.youtube.com/watch?v=Kp2sVewoQWA,Only the debate against the Prime Minister was seen,neutral
Yo maxe malai pahila thick lagtheyo.  Usko biswass lagtheyo.  Hawama hamle hamle.  Bahek aaru keai  xoina,KhojSamachar,https://www.youtube.com/watch?v=COGGc-UvlaI,Yo maxe malai pahila thick lagtheyo.  Usko biswas lagtheyo.  Hawama hamlet hamlet.  Bahek aaru keai xoina,negative
Km,Samacharpati,https://www.youtube.com/watch?v=eTb8SyZun1M,Km,neutral
"Gu ma la ho ni
Sahi ho",Kछ Nepal,https://www.youtube.com/watch?v=Kp2sVewoQWA,"It's the same day
Where is it?",neutral
K  P  OLI  KO. PARA  ?,News24Nepal,https://www.youtube.com/watch?v=ZuMOJjCsthA,K P OLI MY FOR ?,neutral
Nepali Janata la Guarda ho bigrako bata khane Janata vayapo ghu khane janta,KhojSamachar,https://www.youtube.com/watch?v=COGGc-UvlaI,Nepali Janata La Guarda Ho Bigrako Bata Khane Janata Where are you going to eat Janta,neutral
2 tihaai ko prayog gar baalen. dekha jaayegaa.,News24Nepal,https://www.youtube.com/watch?v=ZuMOJjCsthA,2 thirds will be used in the bowl. Will see.,positive
माटे मुजि,IDSMediaNetwork,https://www.youtube.com/watch?v=U2jbDkyGWx4,Mate Muji,negative
"संसदमा धेरै भाँड भैलो र हल्ला खल्ला भै रहको कुरा जनता र नागरिकले हेरिरहेका छन, आउँदो समयमा सत्य असत्य जनता र नागरिकले पर्दाफास गर्ने छन,नेताहरूसंसद भित्र जति उफ्रे पनि जनता नागरिकलाई सबै थाहा छ, सत्य समाचार मात्र सार्वजनिक गरन हुन हार्दिक अनुरोध छ समाचारदातालाई धन्यवाद छ",InsideNepalNews,https://www.youtube.com/watch?v=JJpkqAM-uf0,"The people and citizens are watching the fact that there is a lot of gossip and rumors in the parliament. In the coming time, the people and the citizens will expose the truth and falsehood. No matter how much the leaders jump inside the parliament, the people know everything. It is a sincere request to publish only the true news. Thank you to the journalists.",neutral
गजडियाले गाजा खाकाेबेले नेपालनै जिमालगाउछहै घासले,GSMediaNetwork,https://www.youtube.com/watch?v=YcBSKgWFGXA,Ghazdia covers Gaza and Nepal with grass,negative
Vikhari Nepal,GSMediaNetwork,https://www.youtube.com/watch?v=YcBSKgWFGXA,Vikhari Nepal,neutral
Thaha VA kai kura bahek aru kura Vana ho TNC yo ta dherai choti vani saky CHHAU taa😮,TheNepaliComment,https://www.youtube.com/watch?v=ryhQNybiElQ,Thaha VA kai kura bahek aru kura Vana ho TNC yo ta dherai choti vani saky CHHAU taa😮,neutral
Regular,InsideNepalNews,https://www.youtube.com/watch?v=JJpkqAM-uf0,Regular,neutral
"Vane Kai thiye ni yo gajedi ko dimag tik xaina yeslai pop ra dhori mai tik xa , samsadh bhawan vitra hoina , yo sidhai rastiya ghati xa , yeslai sath diyera tali bajaune vharute jole khate haru sabai andho ra vahiro ani laata ra gonga haru ko gang ho , yo sabai gante gang Lai nepal batai bahishkar garu hai nepali janta ho , des bechi sake abo ,",NewsInNepal,https://www.youtube.com/watch?v=PS7elNlcdHg,"Where do you think that your mind is ticking while you pop the door, Samsadha Bhavan is visible, you are seeing the true truth, yes you are with me, you are eating all kinds of things, you are talking to everyone, you are talking to everyone, I have told you about Nepali people, they have sold it,",neutral
What are the true,Samacharpati,https://www.youtube.com/watch?v=eTb8SyZun1M,What are the true,neutral
Yo bhai ko keda nai paryo xa k,KhojSamachar,https://www.youtube.com/watch?v=COGGc-UvlaI,"Yo brother, what did you do?",neutral
Taklu Voli Aheja Hai Kapaa Hanna Jana Parxa 😂,WhySoOffended,https://www.youtube.com/watch?v=QeLbM6LdLBA,Taklu Voli Aheja Hai Kapaa Hanna Jana Parxa 😂,neutral
Agree or not truth is truth Kati bolya..,KhojSamachar,https://www.youtube.com/watch?v=45rp5GC0tcQ,Agree or not truth is truth Kati bolya..,neutral
Nepalle micheko 6aina,GSMediaNetwork,https://www.youtube.com/watch?v=YcBSKgWFGXA,Nepalese dresses 6aina,negative
Pm shaha nasa ma boliraheko,Samacharpati,https://www.youtube.com/watch?v=eTb8SyZun1M,Pm shaha nasa ma boliraheko,negative
Tara balenle je vane satya vane,KhojSamachar,https://www.youtube.com/watch?v=45rp5GC0tcQ,Tara balenle je vane satya vane,positive
के को कानेखुशी होउ एउटा सहकारी ठगको नाईकेको चही सदन चलिरहेको बेला बहुत मुस्कान सहितको कानेखुसी गरिदैछ नि,Samacharpati,https://www.youtube.com/watch?v=eTb8SyZun1M,What is the kanekhushi hou of a co-operative thug who is doing kanekhushi with a lot of smiles while the chahi sadan is going on?,neutral
"अनि मिलेको र बेचेको नै कति बर्ष भयोे कुन्नि,",NewsInNepal,https://www.youtube.com/watch?v=PS7elNlcdHg,And how many years have you met and sold?,neutral
Aala Kachha Manxe xa. Naya soch xan tei bhayera aasa xa.. Aala Kachha xan ra ali Dar pani xa. Yesto kuro Diplomatic team ko sallaha le kati bolna milxa kati bolna mildaina paila sodnu parthyo,IDSMediaNetwork,https://www.youtube.com/watch?v=U2jbDkyGWx4,Aala Kachha Manche Kha. Naya Soch Khan Tei Bhayera Aasa Kha.. Aala Kachha Khan Ra Ali Dar Pani Kha. Yesto kuro Diplomatic team ko sallaha le kati bolna milxa kati bolna mildaina paila sodnu parthyo,neutral
खुलित्तै.....! राजनीति मा के के हुन्छ भन्ने थाहा हुन्न ठूलो माछा पार्नु नि एउटा सानो चारो को आवासेक पर्दछ त्येसैले तिमी पनि उखाने र गुखानेको झोले जस्तो लाग्यो है तिमी ले नि बुझ्नु धेरै देखियो...!,KhojSamachar,https://www.youtube.com/watch?v=COGGc-UvlaI,"Immediately...! You don't know what is going on in politics, you have to catch a big fish and a small bait needs to stay, that's why you also feel like a bag of food and drink.",positive
Ani pahilea ko greater Nepal ko map chai research Bina nai rakhako thyess??,IDSMediaNetwork,https://www.youtube.com/watch?v=U2jbDkyGWx4,Do you think you can keep the map of greater Nepal without research??,negative
Lala,WhySoOffended,https://www.youtube.com/watch?v=QeLbM6LdLBA,Lala,neutral
"येस , येस...? जबाफ दे...?",Kछ Nepal,https://www.youtube.com/watch?v=Kp2sVewoQWA,"Yes, yes...? Reply...?",neutral
Regular morang bata,Samacharpati,https://www.youtube.com/watch?v=eTb8SyZun1M,Regular morang brick,neutral
तथ्यमा टेकेर समाचार लेख्ने गरनु पत्रकार ज्यु।,KhojSamachar,https://www.youtube.com/watch?v=45rp5GC0tcQ,Journalist who writes news based on facts.,neutral
Iq=0 sabee ko aj ko vanda sixit rachan ho ansu barma ko pala ma,TankaDahal,https://www.youtube.com/watch?v=FqyGil9SZ9g,IQ = 0,neutral
नेपालकाे कालापानी   नालापानि लगाथत थुप्रै  भुमि फिर्ता  ल्याउनुपर्छ  बालेन सरकारले ❤❤❤❤,BBCNewsNepali,https://www.youtube.com/watch?v=c9X8FaPruKI,Nepal's Kalapani drainage system should bring back a lot of land,neutral
Ho ra 😂😂😂😂,KhojSamachar,https://www.youtube.com/watch?v=45rp5GC0tcQ,Come on 😂😂😂😂,neutral
बेचेर खायको लाई के भनिन्छ नि,Kछ Nepal,https://www.youtube.com/watch?v=Kp2sVewoQWA,What is it called to sell and eat?,neutral
Balen should really choose his words carefully,TheNepaliComment,https://www.youtube.com/watch?v=ryhQNybiElQ,Balen should really choose his words carefully,negative
दूर्गम क्षेत्र मा दलित को बाल बालिका लाई मात्र होईन गरिब पिक्ष्डा बर्ग का बाल बालिका चाहे जनजातिको होस चाहे अन्य जाति का होस गरिब ले सुबिदा पोषण होस या अरूकुनै सयोग होस दलित को बिसय मात्र होईन गरिब को बिसय मा पनि सयोग हूनू पर्छ दलित र अन्य जाति मा के फर्क छ धनि र गरिब छुट्टाउने हो दलित भनेर सरकार ले नै छुट्टायका छन जातिय अनूसार छूट्टाउनू हूंदैन,Samacharpati,https://www.youtube.com/watch?v=eTb8SyZun1M,"In Durgam area, not only Dalit children and girls, but poor Pikshda barg children, whether they belong to tribes, whether they belong to other castes, whether they belong to other castes, the poor should be provided with food or any other support, not only the support of Dalits, but also the support of the poor, what is the difference between Dalits and other castes?",neutral
यो महिला त ठ्याक्कै नगिना  यादव जस्तै ?,NewsInNepal,https://www.youtube.com/watch?v=PS7elNlcdHg,Is this woman exactly like Nagina Yadav?,neutral
4:15,WhySoOffended,https://www.youtube.com/watch?v=QeLbM6LdLBA,4:15,neutral
confirmation bias 21:12,WhySoOffended,https://www.youtube.com/watch?v=QeLbM6LdLBA,confirmation bias 21:12,neutral
Radio Rawada bhanda Bhai go ni media .,KhojSamachar,https://www.youtube.com/watch?v=COGGc-UvlaI,Radio Rawada bhanda Bhai go ni media.,neutral
kasto totey boli boleko balen ley,IDSMediaNetwork,https://www.youtube.com/watch?v=U2jbDkyGWx4,Custom Totey Bolly Bole Bale Ley,neutral
सहि बोल्नुभो बल्ल सत्य धरोहरलाई टेकेर बोल्नुस सर,KhojSamachar,https://www.youtube.com/watch?v=COGGc-UvlaI,"If you speak correctly, then speak based on the truth, sir",neutral
के हो के तिम्रो पात्र कारिता पनि 13 भाइ मा आउनी रैछ,KhojSamachar,https://www.youtube.com/watch?v=COGGc-UvlaI,What if your character Karita is also going to appear in 13 Bhai,neutral
Yo luterale lutna napaera bohulako xn,Kछ Nepal,https://www.youtube.com/watch?v=Kp2sVewoQWA,Yo luterale lutna napaera bohulako xn,neutral
badar ko pani kura thiyo dai,IDSMediaNetwork,https://www.youtube.com/watch?v=U2jbDkyGWx4,gave water to the garden,neutral
Ma ta je hos india le nepal ko jameen micheko xa vanne bujeko xu,IDSMediaNetwork,https://www.youtube.com/watch?v=U2jbDkyGWx4,I'm from India and Nepal.,neutral
ta valu le namaanera k hunxa,NewsInNepal,https://www.youtube.com/watch?v=PS7elNlcdHg,of the value of the character k hunxa,neutral
अब चाड नेपाल लाई इन्डिया लाई दिउ  सिमाना बिबाद हुदैन  नाटक अति भाे,GSMediaNetwork,https://www.youtube.com/watch?v=YcBSKgWFGXA,"Now give Chad to Nepal to India, there will be no border conflict",neutral
Aani Daii balen le yo vandaii garda dutaii desh map ma baserw kura garnu parxah sathaii sano tach dine kura pani vaneka xahn ki bts India ko palai dekhi map ko aadhayan garne kura pani vaneka xahn yo bare ma ni video banau paro hamle k garda sahi hunxah aahile 😊,TheNepaliComment,https://www.youtube.com/watch?v=ryhQNybiElQ,Aani Daii balen le yo vandaii garda dutaii desh map ma baserw kura garnu parxah sathaii sano tach dine kura pani vaneka xahn ki bts India ko palai dekhi map ko aadhayan garne kura pani vaneka xahn yo bare ma ni video banau paro hamle k garda sahi hunxah aahile 😊,neutral
Content start after 16:00 minutes 😂,WhySoOffended,https://www.youtube.com/watch?v=QeLbM6LdLBA,Content start after 16:00 minutes 😂,neutral
Aauxa bro na aatinu Lipulek firta aauxa chill,IDSMediaNetwork,https://www.youtube.com/watch?v=U2jbDkyGWx4,Auxa Bro Na Attinu Lipulek Line Auxa Chill,positive
Balen sarkar go back,TankaDahal,https://www.youtube.com/watch?v=FqyGil9SZ9g,Balen Sarkar go back,neutral
यिनिहरुलाइ मात्रै होइन बानियाँ जि महाकाली बेचुवाहरुलाइ एक ठाउँमा राखेर दनक दिनुस,Kछ Nepal,https://www.youtube.com/watch?v=Kp2sVewoQWA,Not only these but also Banyan Ji Mahakali Bechuwa should be put together and give a shock,neutral
"Ab kya hua.....jab ye Balen shah bole k lipu lekh , kala Pani nepal ka hai ...toh sabne maan liya ab bata raha hai k nepal me bhi India ki jagah pe kabja ki hai ...toh kiyu nhi maan rahe .......",KhojSamachar,https://www.youtube.com/watch?v=45rp5GC0tcQ,"Now what happened...when Balen Shah said in the script, 'Black water is from Nepal'...so everyone understood, now it is being said that India has occupied the place in Nepal too...so what did it mean?......",neutral
आलु जस्तो,TechPana,https://www.youtube.com/watch?v=Mf7YpiqHYis,like a potato,neutral
Taila bala ko ho PM,NewsInNepal,https://www.youtube.com/watch?v=PS7elNlcdHg,Who is the PM?,neutral
Kasto sandad yo yasko bachha harule ke siklaa,InsideNepalNews,https://www.youtube.com/watch?v=JJpkqAM-uf0,What kind of sand will your child teach you to play?,neutral
35yrs Dekhi kutnuti notes le k vayo hoo Aile samma notes pathayerw hunxa aba taw table talk garnei parxa aba chai table talk ma sakaunu parxa..,KhojSamachar,https://www.youtube.com/watch?v=45rp5GC0tcQ,35yrs Dekhi kutnuti notes le k vayo hoo Aile samma notes pathayerw hunxa aba taw table talk garnei parxa aba chai table talk ma sakaunu parxa..,neutral
# boycoTNC #jholeymedia,TheNepaliComment,https://www.youtube.com/watch?v=ryhQNybiElQ,# boycoTNC #jholeymedia,neutral
Mansik. Bimar. Hola.,GSMediaNetwork,https://www.youtube.com/watch?v=YcBSKgWFGXA,mental. Ill. Hello.,neutral
Lado ko rup ma Miche ko xa sala Sachi Kai ganja kha ko ho mugi le,TheNepaliComment,https://www.youtube.com/watch?v=ryhQNybiElQ,"In the form of a boy, what kind of ganja did you eat?",neutral
"Tanka sir ra Balen 2 jana power centre  bata chaleko information pae paxi, ali bichar garera video bujhnu parne vako xa achel... Geopolitics ko deep study le nikai help vako xa",TankaDahal,https://www.youtube.com/watch?v=FqyGil9SZ9g,"Tanka sir ra Balen 2 jana power center bata chaleko information pae paxi, ali bichar garera video bujhnu parne wako xa achel... Geopolitics ko deep study le nikai help vako xa",neutral
Sahi kura ho bhai,KhojSamachar,https://www.youtube.com/watch?v=COGGc-UvlaI,What is the truth brother?,neutral
Tili shaha bayo bhili shaha,NewsInNepal,https://www.youtube.com/watch?v=PS7elNlcdHg,Tili Shaha Bayo Bhil Shaha,neutral
100% right,KhojSamachar,https://www.youtube.com/watch?v=45rp5GC0tcQ,100% right,neutral
"न,?",GSMediaNetwork,https://www.youtube.com/watch?v=YcBSKgWFGXA,"No,?",neutral
"Ihlen Declaration र Greenland सम्बन्धी ऐतिहासिक घटना वास्तविक हो। तर त्यसलाई अहिलेको सन्दर्भमा जस्ताको तस्तै लागू गरेर ""प्रधानमन्त्रीले संसदमा बोलेपछि नेपालले भूभाग गुमाउँछ"" भन्नु कानुनी रूपमा सही निष्कर्ष होइन।अन्तर्राष्ट्रिय कानुनमा कुनै पनि राष्ट्रिय नेताको अभिव्यक्तिले स्वतः बाध्यकारी कानुनी दायित्व सिर्जना गर्दैन। त्यसका लागि स्पष्ट रूपमा राज्यलाई कानुनी रूपमा बाँध्ने उद्देश्य (intent to be legally bound), सम्बन्धित कूटनीतिक सन्दर्भ, र अन्य कानुनी तत्वहरू आवश्यक हुन्छन्।
Ihlen Declaration प्रकरणमा नर्वेका विदेशमन्त्रीको वक्तव्य विशिष्ट कूटनीतिक सन्दर्भमा दिइएको थियो, जसलाई पछि अन्तर्राष्ट्रिय न्यायिक प्रक्रियामा मूल्याङ्कन गरिएको थियो। त्यो ""एउटा भाषण गर्‍यो र अर्को दिन भूभाग गुमायो"" भन्ने खालको घटना थिएन।
त्यसैगरी, संसदमा गरिएको राजनीतिक टिप्पणी, विश्लेषण वा व्यक्तिगत मूल्याङ्कन मात्रले कुनै देशको सीमा निर्धारण हुँदैन, कुनै सन्धि बन्दैन, र कुनै भूभाग स्वतः हस्तान्तरण हुँदैन। सीमा सम्बन्धी विवादहरू सन्धि, नक्सा, ऐतिहासिक प्रमाण, राज्यको आधिकारिक अडान र आवश्यक परे अन्तर्राष्ट्रिय न्यायिक प्रक्रियाबाट टुङ्ग्याइन्छन्।
त्यसैले प्रधानमन्त्रीको अभिव्यक्ति राजनीतिक वा कूटनीतिक रूपमा विवादास्पद हुन सक्छ, आलोचनायोग्य पनि हुन सक्छ। तर ""यो अभिव्यक्तिले अन्तर्राष्ट्रिय कानुनअनुसार नेपालले भूभाग गुमाउँछ"" भन्ने दाबी तथ्यभन्दा बढी अतिरञ्जना देखिन्छ।",IDSMediaNetwork,https://www.youtube.com/watch?v=U2jbDkyGWx4,"The Ihlen Declaration and the historical event regarding Greenland are real. But applying it in the current context and saying ""Nepal loses territory after the Prime Minister speaks in Parliament"" is not a legally correct conclusion. In international law, the expression of any national leader does not automatically create a binding legal obligation. That clearly requires the state's intent to be legally bound, the relevant diplomatic context, and other legal elements.
Ihlen Declaration p",neutral
Balenle micheko kata,GSMediaNetwork,https://www.youtube.com/watch?v=YcBSKgWFGXA,Balenle dresses kata,neutral
Teleprompt camera ko tala rakhum hola dheki rako xa right side herdai gari rako 😂😂😂😂😂😂😂,IDSMediaNetwork,https://www.youtube.com/watch?v=U2jbDkyGWx4,"Teleprompt lock the camera, keep watching and then turn it to the right side.",neutral
Yo pani fata nai raixa,KhojSamachar,https://www.youtube.com/watch?v=COGGc-UvlaI,Where should I go?,neutral
Timiharu lahi karbahi gharnu parxa p M lemafivmagni haeena timiharu Garuda ghardi garera janta ko ragat kayara baseka lahi desma basni aadiker xaeena jantako sarker vagawan sataya Badi sarker ho balen sarker Pura Biswas xa Galt gharnu hunna,Samacharpati,https://www.youtube.com/watch?v=eTb8SyZun1M,Timiharu lahi karbahi gharnu parxa p M lemafivmagni haeena timiharu Garuda ghardi garera janta ko ragat kayara baseka lahi desma basni aadiker xaeena jantako sarker vagawan sataya Badi sarker ho balen sarker Pura Biswas xa Galt gharnu hunna,neutral
भारत लाई गिजापर को  पालामा काँग्रेस एमाले मिलेर टनकपुर माहाकाली बेचेको के नेपाली जनातालाई थाहा होला,GSMediaNetwork,https://www.youtube.com/watch?v=YcBSKgWFGXA,Do the Nepali people know that Tanakpur Mahakali was sold to India by Congress-UML during Gijapar period,neutral
"पदमाले सोध्दा होइन, आर्यन राईले सोध्दा बालेनले यस्तो बोलेको हो...",Samacharpati,https://www.youtube.com/watch?v=eTb8SyZun1M,"Not when asked by Padma, but when asked by Aryan Rai, Balen said this...",neutral
Your points are absolutely right according to treaty of 1816. And occupied land is to be claimed by nepal in diplomatic way. That must strat right now on.,TankaDahal,https://www.youtube.com/watch?v=FqyGil9SZ9g,Your points are absolutely right according to treaty of 1816. And occupied land is to be claimed by nepal in diplomatic way. That must strat right now on.,neutral
Regular Kathmandu,Samacharpati,https://www.youtube.com/watch?v=eTb8SyZun1M,Regular Kathmandu,neutral
Bakbas.,Samacharpati,https://www.youtube.com/watch?v=eTb8SyZun1M,Bakbas.,neutral
Balen is India agent,KantipurTV,https://www.youtube.com/watch?v=7XaHoexB7rQ,Balen is India's agent,neutral
De sh ko jagga yata ko uta uta ko yeta chh zamin Nab mile ko chhaina,NewsInNepal,https://www.youtube.com/watch?v=PS7elNlcdHg,"Who has woken up till now, who has gone till now, which is the only land, no miles can be chained.",neutral
Moh ni audei chu 😅 hold on,SagarmathaTV,https://www.youtube.com/watch?v=5S-KM7o_DRk,Moh is audei chu 😅 hold on,neutral
Universal truth aanai parcha,TankaDahal,https://www.youtube.com/watch?v=FqyGil9SZ9g,Universal truth aanai parcha,neutral
पैतिस दिनमै नेपालले भारतको भुमि धेरै मिच्न पुगेछ।,Samacharpati,https://www.youtube.com/watch?v=eTb8SyZun1M,"In 35 days, Nepal has covered a lot of land in India.",neutral
jay🇳🇵🇳🇵🇳🇵🇳🇵🇳🇵🇳🇵🇳🇵🇳🇵,Samacharpati,https://www.youtube.com/watch?v=eTb8SyZun1M,jay🇳🇵🇳🇵🇳🇵🇳🇵🇳🇵🇳🇵🇳🇵🇳🇵,neutral
Teti nai raixa boleko .😂,TechPana,https://www.youtube.com/watch?v=Mf7YpiqHYis,Teti nai raixa voleko .😂,neutral
आजको इन्टरभ्यु बहस बाट प्रधानमन्त्रीले गहिरो संग अवलोकन गरेर या नगरेर बोल्नु भयो यस विषयलाई राजनीतिक करण गरेर टंङ्का गर्नु भन्दा एतिहासीक storical प्रमाण र दुबै पक्षको ईमान्दारि सतभावका साथ खुलेर बार्ता गरी सामान गरिनु पर्छ प्रधानमन्त्रीले सदनमा बोल्नु नै सिमाना सामाधानको बाटो हो भनेर बुछ्नु जरुरी छ।,Kछ Nepal,https://www.youtube.com/watch?v=Kp2sVewoQWA,"From today's interview debate, whether the Prime Minister spoke with deep observation or not, instead of politicizing this issue and arguing, things should be done openly with historical evidence and honest sincerity of both sides.",neutral
कार्यक्रम पुरै हेरियो। कार्य कार्यक्रममा नेपाली भनेको चाहिँ हाम्रो राजेन्द्र लिङ्ग दिन सर मते देखे मैले नेपाली हो भन्छन् तर चिरमा ढाका टोपी नै छैन। अझ राष्ट्रियताको कुरा गरी बस्छ। राष्ट्रियताको बहस मात्र राष्ट्रियता झल्किने पोसाकहरू पनि त हुनुपर्यो नि।,Kछ Nepal,https://www.youtube.com/watch?v=Kp2sVewoQWA,"Watched the whole program. In the work program, Nepali is our Rajendra Lingdin sir. It also talks about nationality. Not only the discussion of nationalism, there should also be clothes that reflect nationalism.",neutral
Rajinama ta ta jasto kukurni le dinu parxa,NewsInNepal,https://www.youtube.com/watch?v=PS7elNlcdHg,Rajinama ta ta jato kukurni le day parka,neutral
10:27 सर कोईलाबास नगरपालिका होईना गाउँ पालिका हो अनि यहाँ पनि बार्डर नजिक्कै डैम बनाको छ इन्डिया ले,TheNepaliComment,https://www.youtube.com/watch?v=ryhQNybiElQ,10:27 Sir Koilabas is not a municipality but a village municipality and India has built a dam near the border here too.,neutral
Sixth,WhySoOffended,https://www.youtube.com/watch?v=QeLbM6LdLBA,Sixth,neutral
No Balen,IDSMediaNetwork,https://www.youtube.com/watch?v=U2jbDkyGWx4,No Balen,negative
"पुलिस राखेर भएनि काम गर्बाही गर्नु ,,के को दुन्द को कुरा गरेया के",News24Nepal,https://www.youtube.com/watch?v=ZuMOJjCsthA,"If you keep the police, you should do the job",neutral
tara tyo upyog jaga Nepal kai ho,IDSMediaNetwork,https://www.youtube.com/watch?v=U2jbDkyGWx4,Where are you from Nepal?,neutral
Micheko chha tehi vayera vaneko...Wiseman le garne kura yestai hunxa...,NewsInNepal,https://www.youtube.com/watch?v=PS7elNlcdHg,What you want is a vaneko...The wise man will take care of everything...,positive
"Yo bisaya ma 
Baristha avibhagta ninmkanta sir  sanga ..tebul tok garnu hos 
Kina ki aja vanda paila ko sarkhar liya nai 7 choti barta gariya ko eahex ...........",KhojSamachar,https://www.youtube.com/watch?v=COGGc-UvlaI,"I taught you 
Barista avibhagta ninmkanta sir sanga..table tok garnu hos 
Who came and took care of the paila and gave it to 7 crores of girls..............",neutral
ए फटाहाे तिमिहरु नेपाली हाेकि भारतिय हाै ।।भन,GSMediaNetwork,https://www.youtube.com/watch?v=YcBSKgWFGXA,I wonder if you are Nepali or Indian,neutral
"म नियमित, ताप्लेजुङबाट",Samacharpati,https://www.youtube.com/watch?v=eTb8SyZun1M,"I am a regular, from Taplejung",neutral
@Cloudx77  aandhbhakt,WhySoOffended,https://www.youtube.com/watch?v=QeLbM6LdLBA,@Cloudx77 aandhbhakt,neutral
Yessir sab veda haru ho.. Government ko under ma kehi godi media le ta operation chalaayo ni nepal le jagga micheko prove garna🤣,WhySoOffended,https://www.youtube.com/watch?v=QeLbM6LdLBA,Yes sir all the Vedas are there.. under the government I said Godi media will run operation to prove that Nepal is alive🤣,neutral
"Greater Nepal     कता गयो  ?
सुस्ता मा लालपुर्गा नेपालिसङ्ग छ  जमिन भारतसङ्ग छ ।",KhojSamachar,https://www.youtube.com/watch?v=45rp5GC0tcQ,"Where did Greater Nepal go?
In Susta, Lalpurga belongs to Nepal and the land belongs to India.",neutral
tmi harke ko ko hau k,IDSMediaNetwork,https://www.youtube.com/watch?v=U2jbDkyGWx4,tmi harke is coming,neutral
Video tw pura her,WhySoOffended,https://www.youtube.com/watch?v=QeLbM6LdLBA,Video tw pura her,neutral
सभामुखकाे मुख के मुख र ?,IDSMediaNetwork,https://www.youtube.com/watch?v=U2jbDkyGWx4,What is the face of the speaker?,neutral
@BidhanBashyal-o4obro try to understand while negotiating in table talk his words will drag nepal back,TheNepaliComment,https://www.youtube.com/watch?v=ryhQNybiElQ,@BidhanBashyal-o4obro try to understand while negotiating in table talk his words will drag nepal back,neutral
Kukur janata vye pxi khatam,KhojSamachar,https://www.youtube.com/watch?v=COGGc-UvlaI,Kukur janata vye pxi khatam,neutral
salute Rajendra Baniya sir ji,Kछ Nepal,https://www.youtube.com/watch?v=Kp2sVewoQWA,salute Rajendra Baniya sir ji,neutral
nepal ma sabai aaye desh lutye gaye tetro jamin india le leko xa hami feri bhai chara bhutro tehi bhayera desh ma raja chainxa bhaneko ho,TheNepaliComment,https://www.youtube.com/watch?v=ryhQNybiElQ,nepal ma sabai aaye desh lutye gaye tetro jamin india le leko xa hami feri bhai chara bhutro tehi bhayera desh ma raja chainxa bhaneko ho,positive
टँक सर को यो निष्पक्ष पत्रकारिता र जानकारी को लागी स्यालुट् छ । टँक सर को समाचार मुलक भिडीयो हरू हेरी रहन्छु र एक दम राम्रो लाग्छ । यस्तै राम्रा र जानकारी मुलक भिडीयो हरू प्रस्तुत गर्दै जानु हुन को लागी हार्दिक शुभकामना छ ।,TankaDahal,https://www.youtube.com/watch?v=FqyGil9SZ9g,Thank you sir for this fair journalism and information. I keep watching tank sir's news videos and it's really good. Best wishes for presenting such good and informative videos.,positive
Kun  pagalne ho yo  khatine  aafu chai ramero gara aru bolako na ramero jay ghanti 🙏🙏🙏🙏🙏,NewsInNepal,https://www.youtube.com/watch?v=PS7elNlcdHg,Kun pagalne ho yo khatine aafu chai ramero gara aru bolako na ramero jay ghanti 🙏🙏🙏🙏🙏,neutral
जय नेपाल पत्रकार ज्यु नमस्कार,TankaDahal,https://www.youtube.com/watch?v=FqyGil9SZ9g,Jai Nepal Journalist Jyu Namaskar,positive
"Awenest podcast firta lyaunu paryo hau, yo ta kabita suneko jasto, kina jabarjasto poetic huna khojeko ho, we want old binayak back",WhySoOffended,https://www.youtube.com/watch?v=QeLbM6LdLBA,"Awenest podcast firta lyaunu paryo hau, yo ta kabita suneko jasto, kina jabarjasto poetic huna khojeko ho, we want old binayak back",neutral
Good Bale aba bikas hunxa nepal aba hamro nepali bubag firta hunxa,KhojSamachar,https://www.youtube.com/watch?v=45rp5GC0tcQ,Good Bale aba bikas hunxa nepal aba hamro nepali bubag firta hunxa,positive
"सुरुमा दमदार प्रदर्शन गर्ने,अनि निमुखा जनताको विश्वास जितिसकेपछि देश बेच्ने यस्तै नेताहरु हुन्,,।",KhojSamachar,https://www.youtube.com/watch?v=45rp5GC0tcQ,"These are the leaders who perform strongly at the beginning, and sell the country after winning the trust of the people.",negative
Kharani Gang  le Desh bechera khani vayo .Nepal Nepali ko k Aaukat  cha India ko  sima michne ? Nepal  le India ko Jamin  kaha micheko cha Balen  saha pm le yesto bolchan ? Yesta pm hunu dhikar cha . Rajinama de vedo prime minister,NewsInNepal,https://www.youtube.com/watch?v=PS7elNlcdHg,"The Kharani Gang went to feed the country. Will Nepal be able to buy Nepali money from India? Where is the land of Nepal and India? Yes, I pray to you. Rajinama of video prime minister",positive
Sahi bhannu bhayo hajurle🙏🙏,Samacharpati,https://www.youtube.com/watch?v=eTb8SyZun1M,Sahi bhannu bhayo hajurle🙏🙏,neutral
Wow ❤❤,Kछ Nepal,https://www.youtube.com/watch?v=Kp2sVewoQWA,Wow ❤❤,positive
Gr8 job bhai!!! Always agree with ur perspective!!!,WhySoOffended,https://www.youtube.com/watch?v=QeLbM6LdLBA,Gr8 job bhai!!! Always agree with ur perspective!!!,positive
That is a tactic to raise a border dispute on international munch .Well done balen sarkar❤,IDSMediaNetwork,https://www.youtube.com/watch?v=U2jbDkyGWx4,That is a tactic to raise a border dispute on international munch .Well done balen sarkar❤,positive
Yo Nepal nepali ko hune xain Indian ko hune x aaune dinma kin bhane ahile nepalgunj ma ek damai Indian ko population bareko x yadi Nepal sarkar le ramro khalko border halne bhane ek din Nepal nai rahadain ani nepali ni rahadain aru desh Kati agadi x hamro Nepallai indiale bistarai lidai x yeni indians harulai India pathaunu parx sarkarle natra paxi Nepal ko lagi ladhne Nepal ma nepali nai rahadain paxi herdai garnu balen lai vote lane adha nepali ra adha indian hon nepali le aphno khutta ma aphai hane ko x,TheNepaliComment,https://www.youtube.com/watch?v=ryhQNybiElQ,"Yo Nepal became Nepali but Indians became the same day, now there is a peace in Nepalgunj, the population of Indians has been brought to Nepal, but one day after opening the border, Nepal has become free from Nepal and Nepali has become free from the country. paxi herdai garnu balen lai vote lane adha nepali ra adha indian hon nepali le apno khutta ma apha",positive
Good,KhojSamachar,https://www.youtube.com/watch?v=COGGc-UvlaI,Good,positive
म दुबैबाट हेर्दैछु ❤❤❤❤,Samacharpati,https://www.youtube.com/watch?v=eTb8SyZun1M,I am watching from both ❤❤❤❤,positive
"हिजो samma mukhama tape lagayara baseke jholeharu.. .Balen ko yek baktabya le phero bhukna थाले ba,,, jaya hos Balen सरकार 🎉🎉🎉",Samacharpati,https://www.youtube.com/watch?v=eTb8SyZun1M,"Hijo samma mukhama tape lagayara baseke jholeharu.. .Balen ko yek baktabya le phero bhukna thale ba,,, jaya hos Balen sarkar 🎉🎉🎉",positive
आत्मघाती (Self Goal) हान्यो बालेन सरकारले😡,GSMediaNetwork,https://www.youtube.com/watch?v=YcBSKgWFGXA,The Balen government has scored a self-goal,positive
Malai Achamma lageko harka raj sampang  justa door darshi imandar rashtrawadi desh bhakta leader ko bare ma bolnu bhayena 🙏🙏🙏🙏🙏🙏🙏🙏,TankaDahal,https://www.youtube.com/watch?v=FqyGil9SZ9g,"Malai Achamma has come to the front door of the Raj, I am proud to speak to the national devotee leader openly.",neutral
Good,KhojSamachar,https://www.youtube.com/watch?v=COGGc-UvlaI,Good,positive
Ho sir yo ❤farmolale Bharat ma hanggama hunx thikx,GSMediaNetwork,https://www.youtube.com/watch?v=YcBSKgWFGXA,Ho sir yo ❤farmolale Bharat ma hangama hunx thikx,positive
"Doti harooo batho xa, 3rd country lai involve garayou vane Indio ko Kartut baira oula re vanera , vatamara harooo 😂",BBCNewsNepali,https://www.youtube.com/watch?v=c9X8FaPruKI,"Doti harooo batho xa, 3rd country lai involve garayou vane Indio ko Kartut baira oula re vanera , vatamara harooo 😂",positive
Ma kahi bolena sakarko bisai ma,IDSMediaNetwork,https://www.youtube.com/watch?v=U2jbDkyGWx4,In a bolena sakarko bisai ma,neutral
Greatt bisslesan dig sapp😮😮😮😮😮😮😮😮😮😮😮😮😮😮😮😮😮😮😮😮😮😮😮,GSMediaNetwork,https://www.youtube.com/watch?v=YcBSKgWFGXA,Great bisslesan dig sap,neutral
patrakarita vaneko yo po hota salute🙏,TankaDahal,https://www.youtube.com/watch?v=FqyGil9SZ9g,If you have signed a letter then you will receive a salute🙏,neutral
Raja Ram ki kripa Hanuman sakti bless Nepal,GSMediaNetwork,https://www.youtube.com/watch?v=YcBSKgWFGXA,Raja Ram ki Kripa Hanuman Shakti bless Nepal,neutral
"Wrong Lai wrong bhanni bittekai ani admit matra garnu parcha…we all know yesto galti garni Lai rajina dey, yo dey, tyo dey bhanni narrative ma shift huncha 
Sahi ho tanam tanam khutta ajai tanam hamile janni tei ho",IDSMediaNetwork,https://www.youtube.com/watch?v=U2jbDkyGWx4,"Wrong Lai wrong bhanni bittekai I admit matra garnu why...we all know yesto mistake garni Lai rajina dey, yo dey, tyo dey bhanni narrative does not shift huncha 
Sahi ho thank you very much today thank you janni and ho",positive
Jay balen ❤,IDSMediaNetwork,https://www.youtube.com/watch?v=U2jbDkyGWx4,Jay Balen ❤,positive
Finally ❤,IDSMediaNetwork,https://www.youtube.com/watch?v=U2jbDkyGWx4,Finally ❤,positive
Good one!!,Kछ Nepal,https://www.youtube.com/watch?v=Kp2sVewoQWA,Good one!!,neutral
Asbisaya ma abo Bharat Ra balen  ko jaya hoss😅😅😅😅😅,KhojSamachar,https://www.youtube.com/watch?v=45rp5GC0tcQ,"As soon as you feel like Bharat Ra, your hair will feel better.",negative
Sai ho❤❤❤,KhojSamachar,https://www.youtube.com/watch?v=COGGc-UvlaI,You know I❤❤❤,positive
"4 diwar bhitra baseko Godi media tme haru hai 
Tme nai Yamale Congress ko jhole ho
Kam se kam 5 barsa kaam grna deu",KhojSamachar,https://www.youtube.com/watch?v=COGGc-UvlaI,"Godi media tme hai 4 wall white base 
I am a member of Yamale Congress.
I have been growing for at least 5 years now.",positive
Right 👍👍👍 sir,KhojSamachar,https://www.youtube.com/watch?v=COGGc-UvlaI,Right 👍👍👍 sir,neutral
Balen will solve this issue,TVTodayHD,https://www.youtube.com/watch?v=QZy_b9XNFfo,Balen will solve this issue,positive
@Cloudx77 fayrii gantay spotted 😅,WhySoOffended,https://www.youtube.com/watch?v=QeLbM6LdLBA,@Cloudx77 spotted the fire 😅,neutral
Rajinam day balen dhoti,NewsInNepal,https://www.youtube.com/watch?v=PS7elNlcdHg,Rajinam day balen dhoti,negative
पहिलाका नेताहरूले देश खोक्रो बनाए अब आएका नयाँ बनाउँदाहरूले देशै सित्दै दिने भए,GSMediaNetwork,https://www.youtube.com/watch?v=YcBSKgWFGXA,"The previous leaders made the country hollow, now the new leaders will make the country flourish",negative
Ghuti chulag,NewsInNepal,https://www.youtube.com/watch?v=PS7elNlcdHg,Guti chulag,neutral
धेरै धेरै धन्यवाद हाम्रो राजेन्द्र बानिया जि लाई,Kछ Nepal,https://www.youtube.com/watch?v=Kp2sVewoQWA,Thank you very much to our Rajendra Bania Ji,neutral
100% she kura🤙🤙🤙,GSMediaNetwork,https://www.youtube.com/watch?v=YcBSKgWFGXA,100% she kura🤙🤙🤙,positive
वा एतिको दमदार प्रधानमन्त्री धन्यवाद,GSMediaNetwork,https://www.youtube.com/watch?v=YcBSKgWFGXA,Thank you very strong Prime Minister,positive
Wowwwww keyaaa bat baniya sir feuri kukurni nalayek amieee chupppp majja ayo,Kछ Nepal,https://www.youtube.com/watch?v=Kp2sVewoQWA,Wowwwww keyaaa bat baniya sir feuri kukurni nalaayek amieee chupppp majja ayo,positive
धेरै राम्रो भन्नूभयो सत्य बोल्नु भयो अब बिग्य हरु ले जाँच बुझ गरिहाल्छ नि भारत सर्कार media को पनि ध्यानाकर्षण हुन्छ अब झन,Samacharpati,https://www.youtube.com/watch?v=eTb8SyZun1M,"Very well said, you have spoken the truth, now the bigyas will check and understand, the media of India government will also get attention now.",positive
Hi hiii ihaaaaa,TankaDahal,https://www.youtube.com/watch?v=FqyGil9SZ9g,Hi hiii ihaaaaa,neutral
Agreed 💯%👍,KhojSamachar,https://www.youtube.com/watch?v=COGGc-UvlaI,Agreed 💯%👍,positive
best of luck for world cup Donyell Malen🙃,WhySoOffended,https://www.youtube.com/watch?v=QeLbM6LdLBA,best of luck for world cup Donyell Malen🙃,neutral
"Right कुरा गर्नुभयो Tanka sir  nepal भारत को सम्बन्ध गहिरो छ, त्यसकारण यो सम्बन्ध ma आच naaune गरि कुटनीतिक हिसाबले अगाडि badnu ठीक होला l धेरै धेरै धन्यवाद तपाईँलाई yeti धेरै प्रमाण सहित prastyanu भएको ma 🫡🫡",TankaDahal,https://www.youtube.com/watch?v=FqyGil9SZ9g,"You spoke right Tanka sir Nepal India's relationship is deep, that's why this relationship should be done diplomatically. Thank you very much.",negative
Good 👍 job 👍👍👍,GSMediaNetwork,https://www.youtube.com/watch?v=YcBSKgWFGXA,Good 👍 job 👍👍👍,positive
"I have great respect for your impartial journalism Tanka Sir .If a person cannot speak the truth, they should not speak untruths either.",TankaDahal,https://www.youtube.com/watch?v=FqyGil9SZ9g,"I have great respect for your impartial journalism Tanka Sir .If a person cannot speak the truth, they should not speak untruths either.",neutral
Regular frm ktm 😊,Samacharpati,https://www.youtube.com/watch?v=eTb8SyZun1M,Regular frm ktm 😊,neutral
"India card kheleko Hola, Hijo rabi India gahe,asaar pachi savaapati jogauna ra pm vahirakhne, Rasapa kabjaa ko baaji kasle marlaa, balen & rabimaa",TechPana,https://www.youtube.com/watch?v=Mf7YpiqHYis,"India card kheleko Hola, Hijo rabi India gahe,asaar pachi savaapati jogauna ra pm vahirakhne, Rasapa kabjaa ko baaji kasle marlaa, balen & rabimaa",positive
Good update ❤,IDSMediaNetwork,https://www.youtube.com/watch?v=U2jbDkyGWx4,Good update ❤,neutral
Hes a real patrakaar ❤ and he also wants to see our nepal great,Kछ Nepal,https://www.youtube.com/watch?v=Kp2sVewoQWA,Hes a real patrakaar ❤ and he also wants to see our nepal great,neutral
Deshko Maya xaena,News24Nepal,https://www.youtube.com/watch?v=ZuMOJjCsthA,Deshko Maya Xaena,positive
😅right  thanks,KhojSamachar,https://www.youtube.com/watch?v=COGGc-UvlaI,😅right  thanks,negative
Good analysis sir. THANKS A LOT.🙏,TankaDahal,https://www.youtube.com/watch?v=FqyGil9SZ9g,Good analysis sir. THANKS A LOT.🙏,positive
हजुर लाई धन्यबाद छ समय समय मा हजुर काे जानकारी मूलक विडीओ आउँछ हेर्छु। कमेन्ट पनी गर्छु। सटिक समाचार हुन्छ्।,TankaDahal,https://www.youtube.com/watch?v=FqyGil9SZ9g,"Thank you, I will watch your informative videos from time to time. I will comment. Accurate news.",positive
100 right right manniya jiu,NewsInNepal,https://www.youtube.com/watch?v=PS7elNlcdHg,100 right right manniya jiu,positive
Radhe radhe jay nepzl om shanti,Samacharpati,https://www.youtube.com/watch?v=eTb8SyZun1M,Radhe Radhe Jai Nepzl Om Shanti,neutral
"Good, morning, I, India, bat, sir",Samacharpati,https://www.youtube.com/watch?v=eTb8SyZun1M,"Good, morning, I, India, bat, sir",neutral
Tehi ta ❤,IDSMediaNetwork,https://www.youtube.com/watch?v=U2jbDkyGWx4,This one says ❤,positive
Well explained 👏🏻,TankaDahal,https://www.youtube.com/watch?v=FqyGil9SZ9g,Well explained 👏🏻,neutral
"Greater Bangladesh Zindabad, greater Nepal Zindabad",TheNepaliComment,https://www.youtube.com/watch?v=ryhQNybiElQ,"Greater Bangladesh Zindabad, greater Nepal Zindabad",positive
बालेन लेण्डुप दोर्जे हो म फटाह,TheNepaliComment,https://www.youtube.com/watch?v=ryhQNybiElQ,Balen Lendup Dorje Ho Ma Fatah,negative
गूड🎉🎉🎉🎉🎉🎉🎉❤❤❤❤❤,NewsInNepal,https://www.youtube.com/watch?v=PS7elNlcdHg,Good🎉🎉🎉🎉🎉🎉🎉❤❤❤❤❤❤,negative
Ma baniyatar bata regular ❤,Samacharpati,https://www.youtube.com/watch?v=eTb8SyZun1M,Ma baniyatar bata regular ❤,neutral
"सरकारलाई कति विरोध गरेका विपक्षीहरुले, सकारात्मक परिणाम पर्खने धैर्यता मिलोस्। मसला मात्र नखोज्नु। जनताले नियालेर हेर्दै छन्, कृपया विचार गर्नु सबै माननिय ज्युहरु। जय नेपाल।🇳🇵",Kछ Nepal,https://www.youtube.com/watch?v=Kp2sVewoQWA,"The opposition who opposed the government should have the patience to wait for positive results. Don't just look for spice. People are watching, please consider all honorable members. Jai Nepal.🇳🇵",positive
India Lai khusi parna ho.,GSMediaNetwork,https://www.youtube.com/watch?v=YcBSKgWFGXA,India is full of happiness.,negative
You are right ✅️,KhojSamachar,https://www.youtube.com/watch?v=COGGc-UvlaI,You are right ✅️,positive
garcha 21% le❤,SagarmathaTV,https://www.youtube.com/watch?v=5S-KM7o_DRk,garcha 21% le❤,positive
Mrs Aasikha tamang lai tag garum haii,TheNepaliComment,https://www.youtube.com/watch?v=ryhQNybiElQ,Mrs Aasikha is really helpful,neutral
Ghante haru ko Kura ke garnu  guhu haru,KhojSamachar,https://www.youtube.com/watch?v=COGGc-UvlaI,Ghante Haru Ko Kura Garnu Guhu Haru,negative
Malai ta Faaaa.. moment nai lagyo 😅,WhySoOffended,https://www.youtube.com/watch?v=QeLbM6LdLBA,Malai ta Faaaa.. moment nai lagyo 😅,positive
Gaja tanera bolnu bhaa hola pm 😂😂😂,TankaDahal,https://www.youtube.com/watch?v=FqyGil9SZ9g,Gaja tanera bolnu bhaa hola pm 😂😂😂,negative
Kalapani haina Greater nepal chahiyo❤🎉,KhojSamachar,https://www.youtube.com/watch?v=45rp5GC0tcQ,Kalapani haina Greater nepal chahiyo❤❤,positive
Bless everyone god 💙💕❤️,WhySoOffended,https://www.youtube.com/watch?v=QeLbM6LdLBA,Bless everyone god 💙💕❤️,neutral
Hello ujade chaman mu ji Balen hoina sammananiya pradhan mantri Balen van jatha.,WhySoOffended,https://www.youtube.com/watch?v=QeLbM6LdLBA,Hello ujade chaman mu ji Balen hoina sammaniya pradhan minister Balen van jatha.,positive
J hos @padma aryal lai chai pelekai ho hai daju hajur le😂,Kछ Nepal,https://www.youtube.com/watch?v=Kp2sVewoQWA,J hos @padma aryal lai chai pelekai ho hai daju hajur le😂,neutral
Good pm,Samacharpati,https://www.youtube.com/watch?v=eTb8SyZun1M,Good pm,positive
सुभा बिहानी हजूर जय नेपाल 🇳🇵🇳🇵🇳🇵 गुड न्यूज 🙏🙏🇳🇵🇳🇵 मा इंडिया को उतारा खण्ड जोशीमठ मारवाड़ी कैंप बटा हेर दाईं 🇳🇵🇳🇵 रेगुराल 🇳🇵🇳🇵❤❤🙏🙏🙏,InsideNepalNews,https://www.youtube.com/watch?v=JJpkqAM-uf0,Subha Bihani Hazur Jai Nepal 🇳🇵🇳🇵🇳🇵 Good News 🙏🙏🇳🇵🇳🇵 Ma India Ko Utara Khand Joshimath Marwari Camp Bata Her Right 🇳🇵🇳🇵 Regular 🇳🇵🇳🇵❤❤🙏🙏🙏,neutral
"आजको छुट्टी (कुवेत ) राजेन्द्र बानियाँ ज्युको विभिन्न प्रबुद्ध ब्यक्तिहरु सङ्गको समम्सामयिक बिसयमा भएको अन्तर्वार्ता हेरेर बिताइयो।मज्जा आयो , भुपु मन्त्रीद्वय , रा प्र पा अध्यक्ष राजेन्द्र लिङ्देन ज्यु र सिमाबिद बुद्धिनारायण श्रेष्ठ ज्यु हरु को हाम्रो रास्ट्रय चासो र चिन्तन (प्रधानमन्त्री बालेन शाह ज्युको भारतसङ्ग नेपालको  पछिल्लो सिमा सम्बन्धी अभिव्यक्ति लाई लिएर)सम्बन्धी आजको बिशेष अन्तर्वार्ताको लागि सम्पुर्णमा हार्दिक धन्यवाद 👌👌👌👌👏👏👏🙏🙏🙏🙏🙏",Kछ Nepal,https://www.youtube.com/watch?v=Kp2sVewoQWA,"Today's holiday (Kuwait) was spent watching Rajendra Baniyan's interview with various enlightened persons on contemporary television. It was fun, Bhupu Minister, Rajendra Lingden Jr. and Simabid Buddhinarayan Shrestha Jr. Thank you very much for today's special interview regarding our national interest and thinking (regarding Prime Minister Balen Shah's latest statement on Nepal's border with India). 👌👌👌👌👏👏👏🙏🙏🙏🙏🙏",neutral
पुरै अन्तरबार्ता हेरे खुसी भनु की अच्चम्म लागेको कुरा टेबलमा काग्रेस एमाले र रा.प्र.पा बस्दा पनी एक अर्का लाई बीना आरोप प्रत्यारोप बीना झगडा अझै अच्चम्म के एक अर्का को बचाउ गर्दै सकीयो त 😂,Kछ Nepal,https://www.youtube.com/watch?v=Kp2sVewoQWA,"After watching the whole interview, I am happy to say that the surprising thing is that even when the Congress, UML and R.P.P. were sitting at the table, they did not accuse each other without arguing.",neutral
Pahila aafno gidi ferer aau tyaspachhi arulai sikau  😆😆,KhojSamachar,https://www.youtube.com/watch?v=COGGc-UvlaI,Pahila aafno gidi ferer aau tyaspachhi arulai sikau 😆😆,positive
Good so Nice ❤❤🎉🎉🎉,KhojSamachar,https://www.youtube.com/watch?v=COGGc-UvlaI,Good so Nice ❤❤🎉🎉🎉,neutral
बालिनले सही ठाउँमा गोली हान्या छ। मोदीको सत्तालाई उता कक्रोजले लखट्छ यता नेपालले लहटेसी सिद्धियो । मोदीको सत्ता😂😂😂😂,BBCNewsNepali,https://www.youtube.com/watch?v=c9X8FaPruKI,Balin has hit the right spot. Modi's power is shaken from one side to the other by Nepal. Modi's power,positive
"पृथ्वीनारायण शाह स्मृति प्रतिष्ठान ।
( पृथ्वी पथ महेन्द्र बिचार ज्ञानेन्द्र सोच )
नेपाल नेपाली का लागी राजसंस्था ।
स्वाभिमान स्वाधीन स्वाबलंबन नेपाल ।
गोंगबु काठमाडौ ।",Kछ Nepal,https://www.youtube.com/watch?v=Kp2sVewoQWA,"Prithvinarayan Shah Memorial Foundation.
(Earth path, Mahendra thought, Gyanendra thought)
Nepal is the royal institution of Nepali.
Self-respect, independent, self-reliant Nepal.
Gongbu Kathmandu.",neutral
Thank you tanka sir yak sacha nidar pattrakar💕❤️💕🙏🙏🙏🙏🙏,TankaDahal,https://www.youtube.com/watch?v=FqyGil9SZ9g,Thank you tanka sir yak sacha nidar pattrakar,neutral
काङ्ग्रेस एमालेले बेचेको कालापानी लिम्पियाधुरा बालेनले फिर्ता ल्याउला भन्ने ठूलो चिन्ता छ ।। काङ्ग्रेस एमाले माओबादी ले खाएको पैसा ले भनेर पोल खुल्ला भन्ने पनि ठूलो चिन्ता छ,Kछ Nepal,https://www.youtube.com/watch?v=Kp2sVewoQWA,"There is great concern that Kalapani Limpiyadhura Balen, which was sold by Congress UML, will bring it back. There is also a big concern that the Congress-UML will open the polls to take the money eaten by the Maoists",positive
Bharat Nepali jasto pagal xaina sir,GSMediaNetwork,https://www.youtube.com/watch?v=YcBSKgWFGXA,Bharat Nepali jasto pagal xaina sir,neutral
सबसे संतुलित दृष्टिकोण,BBCNewsNepali,https://www.youtube.com/watch?v=c9X8FaPruKI,most balanced approach,neutral
24 min long video ma 25 choti add sauna yar..,WhySoOffended,https://www.youtube.com/watch?v=QeLbM6LdLBA,24 min long video ma 25 choti add sauna yar..,neutral
Balon pagol voyo ho😂😂😂,KhojSamachar,https://www.youtube.com/watch?v=45rp5GC0tcQ,Balon mad voyo ho,negative
एक चोटी राम्रो सित सुन अनि बुझ जे सुकै होस् बालेन सर माफी माग्दैनन् झुक्दै नझुक्ने नेपालको छोरो हुन् प्रधानमन्त्री ज्यू संसद्का विपक्षी सांसद हरु जनताको लागि आएका हुन र खाली विरोध गर्न आका हुन् अर्को चुनावमा यिनीहरूको नि चुरीफुरी सकिन्छ,News24Nepal,https://www.youtube.com/watch?v=ZuMOJjCsthA,"Listen carefully and understand, no matter what happens, Balen sir, he does not apologize, he is a son of Nepal, he does not bow down. The Prime Minister is a son of Nepal.",positive
Hiiiiiiiiiiiiii 👋,BBCNewsNepali,https://www.youtube.com/watch?v=c9X8FaPruKI,Hiiiiiiiiiiiii 👋,neutral
bolnu xa bhani srimadbhagwat gita ko gyan dinu parxa.,NewsInNepal,https://www.youtube.com/watch?v=PS7elNlcdHg,"When I speak, I spend my days learning Srimad Bhagwat Gita.",neutral
सही कुरा,KhojSamachar,https://www.youtube.com/watch?v=COGGc-UvlaI,right thing,positive
"Internationally and diplomatically speaking, India is now dragged for a table talk with Nepal in the presence and witness of Great Britain (which colonized India until 1947) for leaving  illegally occupied sovereign territory of Nepal, Kalapani, Lipulekh,  Limpiyadhura by India sinse 1962 China-India war. Good luck, Balen Shah.👍",InsideNepalNews,https://www.youtube.com/watch?v=JJpkqAM-uf0,"Internationally and diplomatically speaking, India is now dragged for a table talk with Nepal in the presence and witness of Great Britain (which colonized India until 1947) for leaving  illegally occupied sovereign territory of Nepal, Kalapani, Lipulekh,  Limpiyadhura by India sinse 1962 China-India war. Good luck, Balen Shah.👍",positive
hello hajur namaste ma Butwal batta hai ❤,BBCNewsNepali,https://www.youtube.com/watch?v=c9X8FaPruKI,hello sir namaste ma butwal batta hai ❤,neutral