comment,channel,video_url,comment_en,sentiment
हेलो म्याडम। दुईजनाको झगडामा example तपाईँ र तपाईंको श्रीमानको झगडा भयो। दुईजनाले डिभोर्स हुने फैसलामा पुग्नुभयो। तपाईहरु डिभोर्स फाइल गर्न अदालत तेस्रो स्थानमा किन जानुहुन्छ हो त्यही तेस्रो स्थान अदालतको काम गर्ने भनेको तेस्रो देश हो जो ब्रिटिश हो। तेस्रो मात्र होइन चौथो पनि हुनुपर्छ। त्यहाँ चाइना पनि आउनुपर्छ किनकि नेपाल भारतको सीमा बारेमा चाइनालाई पनि थाहा छ।। जसरी तपाईँहरू लोग्ने स्वास्नीको डिभोर्सका लागि साँच्ची प्रमाण छिमेकीलाई लानुहुन्छ नि त्यसरी नै यसलाई तेस्रो देश नलगिकन मिल्दैन । यो कमेन्ट हेर्दैछौ भनेदेखिन बुझ्नु राम्रो। म्याडम।,Kछ Nepal,https://www.youtube.com/watch?v=Kp2sVewoQWA,"Hello madam. In a fight between two people, for example, you and your husband had a fight. The two decided to divorce. Why do you go to a third place court to file a divorce? The third place court is a third country which is British. Not only the third but also the fourth. China should also come there because China also knows about the border between Nepal and India. Just as you bring the real evidence to the neighbor for the divorce of the husband's wife, it cannot be done without going to a third country. less of it",negative
"OJ (Over Janne) hunu ko natija ho.
Aba Balen is smart and people around him are smart, so they'll try to correct their mistake and then later on portray it as a strategic plan to achieve a certain goal and will make it appear as if it was intentional.
But in reality, I think the strategy was to make a fool out of the ministers protesting for P.M's presence to address and answer their questions, by not giving them any time to  prepare questions implying the fact that the ministers should already have the questions, but it backfired cause Balen himself was also not prepared and was not confident in the way he was addressing the issues and on top of that he made a blunder.

Regardless of what had happened, there are rules and regulations for a reason.
Also I would like to address the issue that, Balen's absence from the parliament is also affecting the works of government as the  opposing members are continuously disrupting the parliament's work everyday.",IDSMediaNetwork,https://www.youtube.com/watch?v=U2jbDkyGWx4,"OJ (Over Janne) hunu ko natija ho.
Aba Balen is smart and people around him are smart, so they'll try to correct their mistake and then later on portray it as a strategic plan to achieve a certain goal and will make it appear as if it was intentional.
But in reality, I think the strategy was to make a fool out of the ministers protesting for P.M's presence to address and answer their questions, by not giving them any time to  prepare questions implying the fact that the ministers should already",negative
एकदम सही भनुभो सरोबर जी नेपाल र भारतको विषयमा  १००मा ९५% भूमि भारतले मिचिएको छन्।  नेपाली भूभाग  भने नेपालले भारतको भूभाग ५% मात्रै मिसिएका छन्।  त्यही भएर भारत चुपचाप बसेका थिए।  ३०ौं वर्षदेखि कुरा उठाउँदै आउँदा पनि  अहिलेसम्म कुनै पनि सम्झौता गर्नु भारत नआएपछि  अहिलेको वर्तमान प्रधानमन्त्री बालेन शाहले  नयाँ रणनीतिक उपायको  नेपालले पनि भारतको भूमि मिचेको छ भन्ने बित्तिकै भारत सरकार तातिन्छ  भारतीय जनता तातिन्छन्  अनि भारत नेपालसँग अनि हाम्रो भूमि फिर्ता लेउ भन्न आउँछ।  अनि त्यही बेला हो सम्झौता गर्ने  नेपालले मिचिएको भूमि तिमीहरू फिर्ता लैजाउ  र तिमीहरूले मिचिएको भूमि हामीलाई फिर्ता देउ भन्ने  बालेन शाहको प्रस्ताव  हो नत्र भने भारत कहिले पनि नेपालसँग सम्झौता गर्न आउँदैन। त्यही भएर सम्झौता गर्नु र सीमाको बारेमा कुटनीति पहल चार्नका लागि प्रधानमन्त्री बालेन शाहले राम्रो  कुरा राख्नुभएको हो  नेपाली भेडा जनताहरू + विपक्षी दल को कुकुर कार्यकर्ता ले कुरा नबुझी विरोध गर्न थालेछन् । सबलाई अनुरोध छ बुझ्नुस् पहिला  अनि विरोध गर्नुस्।,KhojSamachar,https://www.youtube.com/watch?v=COGGc-UvlaI,"Very correct Bhanubho Sarobar ji on the subject of Nepal and India 95% of the land out of 100 has been destroyed by India.  Nepali territory is only 5% of India's territory.  That is why India remained silent.  Even though we have been raising the issue since the 30th year, since India has not come to any agreement, as soon as the current Prime Minister Balen Shah says that Nepal has also encroached on India's land with a new strategic measure, the Indian government will be heated, the Indian people will be heated and India will come to Nepal and say take back our land.  And that's when the agreement is made",negative
"Strange - he is somehow proving that he has Madhese ancestors.  He should know that India got whole for free from British - it also has roots of Mahatma Gandhi's loin cloth, however, India is big and doing well.",KhojSamachar,https://www.youtube.com/watch?v=45rp5GC0tcQ,"Strange - he is somehow proving that he has Madhese ancestors.  He should know that India got whole for free from British - it also has roots of Mahatma Gandhi's loin cloth, however, India is big and doing well.",negative
माफि होइन राजिनामा दिएर देश बेच्ने गोप्य योजनाको बारेमा छानविन हुनु पर्छ ।,Samacharpati,https://www.youtube.com/watch?v=eTb8SyZun1M,"There should be an investigation into the secret plan to sell the country, not an apology but a resignation.",negative
Nepalle varatki jamin hadapna sainik takat hunu parछ waihatko kuro balenle garyo. Aba dhotile ajha Nepalko vuvag miचने भयो।,GSMediaNetwork,https://www.youtube.com/watch?v=YcBSKgWFGXA,Nepal varatki guarantee future sainik takat hunu parch waihatko kuro balenle garyo. Aba dhotile ajha Nepalko vuvag Michne happened.,negative
"nahhh balen might be unprofessional but harke is way below unprofessional, he acts like a toddler",IDSMediaNetwork,https://www.youtube.com/watch?v=U2jbDkyGWx4,"nahhh balen might be unprofessional but harke is way below unprofessional, he acts like a toddler",negative
Madesh KO manxe harulai sodh pahadi haru lai kehi thaxaina,WhySoOffended,https://www.youtube.com/watch?v=QeLbM6LdLBA,Madesh KO manxe harulai sodh pahadi haru lai kehi thaxaina,negative
Balen is king Narendar modi is afraid 👏🏻👏🏻👏🏻👏🏻👏🏻👏🏻👏🏻👏🏻👏🏻🫡🫡🫡🫡🫡🫡🫡🫡,KhojSamachar,https://www.youtube.com/watch?v=45rp5GC0tcQ,Balen is king Narendra modi is afraid,negative
जसलाई देशको माया लाग्दैन तिनीहरूले आफूले जितेको ठाउँको बारेमा त्यहाँको समस्याको बारेमा भन्ने हो नि। के एउटा कुरा गर्देको थियो त्यसैको पछि लाग्या छ सबै तिमीहरू जति कराए कराउ ऊ भनेको अलग छ झुक्ने कुरामा झुक्छ पनि न झुक्ने कुरामा झुक्दै झुक्दैन। जनताले बनाएको सरकार हो जब जनताले सुन्दैन भने तिमीहरू भुक्दै गर ऊ काम  गरिरहन्छ।,News24Nepal,https://www.youtube.com/watch?v=ZuMOJjCsthA,"Those who do not love their country will talk about the problems of the land they conquered. What one thing was done is followed by all of you. The government is made by the people, when the people don't listen, you keep barking at them and they will continue to work.",negative
"बालेन/RSP को झोला बोक्नु एमाले/नेकपा/कङ्रेस को झोला बोक्नु एकै हो! 
जिब्रो चिप्लियो/संसद मा जदा अगि homework पुगेन/ मैले जे भनेनी फरक पर्दैन भन्ने भ्रम भयो/सल्लाहकार गतिलो भयन भन्नुको साटो ""बालेनको कुटनीति/चाल"" भन्ने झोले हरु ले भोलि बालेनले बाटोमा हग्दियो भनेनी ""बालेनको चाल"" भनाओ है। हुन त सोच्नलाई दिमाख नि चाइन्छ अरुले जे भनेनी होहो भनेर भेडा ताल मा दौडिन सजिलो हुन्छ/ दिमाख चाइन्न। 

म: बालेनको समर्थक, तर कमि कमजोरी लाई नराम्रो भयो भन्ने मान्छे। म उसलाई भगवान मान्दिन, सामान्य मान्छे हो र केहि  कमि कमजोरी सबैबाट हुन्छ।",TheNepaliComment,https://www.youtube.com/watch?v=ryhQNybiElQ,"Carrying the bag of Balen/RSP is the same as carrying the bag of UML/NCPA/Congress! 
Tongue slipped/didn't get enough homework in Parliament/got the illusion that whatever I said doesn't matter/consultant was quick instead of saying ""Balen's diplomacy/move"" say ""Balen's move"" if Balen hit the road tomorrow. However, it is easy to run in the lake of sheep thinking that what others say is not necessary for thinking. 

Me: Balen's supporter, but a man who says weakness is worse. I don't consider him a god, just a normal person and something",negative
Gorula k thaha hunxa  jasako desa usailaimatra maya lagxa jabki vtuwa lai desako maya  lagdaina,KhojSamachar,https://www.youtube.com/watch?v=45rp5GC0tcQ,Gorula's condition is as good as those days when it is useless.,negative
"अरु देशको नेता देश अप्ठ्यारो परेको बेला भ्रमण छोट्टाएर आउछन् तर सहकारी ठग्, फरार कैदी र मानवअधिकार हनन् कर्ता रवि एक शब्द नबोली बिदेशी नेताको चाकडी गर्न गएर देशले के पायो? यो सहकारी ठग् एक नंबरको फटाहा र अवसरबादी हो, यस्ले प्रधानमन्त्री बन्ने सवालमा देशै बेच्न सक्छ, सबैजना देशभत्त जनता सतर्क हुनुपर्छ",News24Nepal,https://www.youtube.com/watch?v=ZuMOJjCsthA,"Leaders of other countries skip their visits when the country is in trouble, but what did the country get when Ravi, a co-operative thug, escaped prisoner and human rights abuser, went to cheat a foreign leader without saying a word? This cooperative thug is a number one fraud and opportunist, he can sell the country in the matter of becoming the prime minister, all citizens should be cautious.",negative
Biki sakyo yo Muji ni,KhojSamachar,https://www.youtube.com/watch?v=45rp5GC0tcQ,Biki sakyo yo Muji ni,negative
Terima kati nai bibeksil bhayeki,NewsInNepal,https://www.youtube.com/watch?v=PS7elNlcdHg,Terima kati nai bibeksil bhayeki,negative
"rajinama deu,esto desh drohi abhibekti dine eti assh lageko thiyo balen dai ,thait",TankaDahal,https://www.youtube.com/watch?v=FqyGil9SZ9g,"rajinama deu,esto desh drohi abhibekti dine eti assh lageko thiyo balen dai ,thait",negative
Jhole media ho taha xina RW Mahendra raja lae biseshwor koirala lai chiso jel ma rakhya nirankus raja vane dekhi taha vayo Saab poisa khayera gen z abujj ko mind vutera raixa vanera jaba ki raja lae resort jasto jail ma healthy environment ma sadai Durbar BATA Khana lagera khuwayera tyo bp koirala vane manxey pasupati lai museum banauna parxa vane Christian jhole ho,IDSMediaNetwork,https://www.youtube.com/watch?v=U2jbDkyGWx4,Jhole media ho taha xina RW Mahendra raja lae biseshwor koirala lai chiso jel ma rakhya nirankus raja vane dekhi taha vayo Saab poisa khayera gen z abujj ko mind vutera raixa vanera jaba ki raja lae resort jasto jail ma healthy environment ma sadai Durbar BATA Khana lagera khuwayera tyo bp koirala vane manxey pasupati lai museum banauna parxa vane Christian jhole ho,negative
रबि  बालेन  र घण्टेहरूले  आत्माहत्या  गोल  गर्यो ।,TankaDahal,https://www.youtube.com/watch?v=FqyGil9SZ9g,Rabi Balen and Ghanta scored a suicide goal.,negative
"Exactly. This was my thought as well. We know in reality Nepal has very little hand in occupation of Indian lands. And after that Balen statement all they can do is ask us to re-measure those pillars around the Border area. So in that sense, who gets the last laugh? The party who has done most wrong or the party who has done far less wrong but is happy to accept the wrong doing.",WhySoOffended,https://www.youtube.com/watch?v=QeLbM6LdLBA,"Exactly. This was my thought as well. We know in reality Nepal has very little hand in occupation of Indian lands. And after that Balen statement all they can do is ask us to re-measure those pillars around the Border area. So in that sense, who gets the last laugh? The party who has done most wrong or the party who has done far less wrong but is happy to accept the wrong doing.",negative
hello पत्रकार सर राजेन्द्र बानिया ज्यू तपाईँले कोईसन गर्नुभयो तर महाकाली सन्धि गर्ने बेलामा माहाकाली बेचेको कुरा चाहिँ किन गर्नुभएन प्रधानमन्त्री बालेन्द्र शाह जिब्ले रोस्तबाट भन्नुभयो कि भारतले नेपालको सीमा मात्र होइन नेपालले पनि भारतको सीमा म्युजिक छ भन्नुभयो तर त्यसमा विरोध गर्ने भनेको नेपाली काङ्ग्रेस माओवादी र एमाले का पाटीहरुका सांसदहरू धेरै देखिन्छ। तर पहिला ती माकाली बेच्ने बेलामा यिनीहरूका थ त्यसको बारेमा किन बोल्दैन। र अहिले आएर पालेन्साले नेपालले पनि भारतको सीमा मिचेको छ। भन्दाखेरिमा यिनीहरू यिनीहरुलाई किन टाउको दुख,Kछ Nepal,https://www.youtube.com/watch?v=Kp2sVewoQWA,"Hello journalist Sir Rajendra Bania sir, you made a proposal but why did you not do the selling of Mahakali during the Mahakali treaty? Prime Minister Balendra Shah Jible said that not only India has a border with Nepal, but Nepal also has a border with India. But first, when they are selling Makali, why don't they talk about it. And now Palensa Nepal has also crossed the border of India. during the day",negative
"बालेन्द्र साह ले सही भनेको, भारत ले नेपाल लाई आफ्नो भाई बुझेको अनी केही बोल्दै नन,डीआईजी साहब तपाई गफ कम दिनूस,please be Nutral nd positive",GSMediaNetwork,https://www.youtube.com/watch?v=YcBSKgWFGXA,"Balendra sah said rightly, India considers Nepal as its brother, don't say anything, DIG sir, you don't gossip, please be neutral and positive.",negative
bhakti,WhySoOffended,https://www.youtube.com/watch?v=QeLbM6LdLBA,bhakti,negative
"प्रधानमन्त्री ले यो भन्यो र त्यो भन्यो भनेर बिरोधको बिकल्प नबनाईयोस,संसद भयर बस्ने हो भने बालेनलाई साथदियर बिधिको शासन कायम गर्ने र भ्रष्टाचार गरेर राज्यको ढिकुटिको पैसा फिर्ता गरायर देश समुन्नति तर्फ लम्काउने मैदान तर लागौं,नत्र गाऊं तिर अराजक क्रियाकलाप र घरका झ्यालबाट पसेर चोरी गर्ने चोरहरुलाई साम्सद बनायर सधन छिरायर अराजक र कुस्ती खेल्ने जात्रा देखाउने क्रियाकलाप देखाउने ब्यबस्यालाई बालेनले एकसट मा गोलपोष्ट भित्र छिरायर तिम्रा लुछाचुडी गरीखाने ब्यवस्था मृत्यू वर्ण गर्नु नपरोस्।धेरै ल्याङ ल्याङ नगर देश बनाउन बिचार बोक्ने बाहेक सबै गोलपोष्ट भित्र छिर्ने वातावरण छिट्टै आउदैछ,बालेन थर्कायर आफ्ना आपराधिक कर्तुत लुकाउन खोज्ने सबै खोरको गोलपोष्टमा गोलबन्द हुनेनै हो,यो आपराधिक क्रियाकलाप गर्ने झुन्डहरुको चिच्याहट भन्ने बालेनले राम्रैसंग बुझेको छ,तिम्रा बिरोधले बालेन बिचलित कदावी हुनेछैन,लेखेर राख।देश बनाउन आयको हो,भ्रष्टाचारी बनाउन हैन।",Samacharpati,https://www.youtube.com/watch?v=eTb8SyZun1M,"Let's not create an alternative to the opposition because the Prime Minister said this and said that, if the parliament is to sit down, then let Balen maintain the rule of law and order and return the state's money through corruption. Don't let the business fire you into the goal post in one shot.",negative
Michekoi hola bithai boldaina hau pahilako jasto chor neta hoina ni Aile ko le,GSMediaNetwork,https://www.youtube.com/watch?v=YcBSKgWFGXA,Michekoi hola bithai boldaina hau pahilako jasto chor neta hoina ni Aile ko le,negative
Thousands of cancer patients in Nepal are struggling because essential medicines like cisplatin are running out. This deserves more attention. 🙏,WhySoOffended,https://www.youtube.com/watch?v=QeLbM6LdLBA,Thousands of cancer patients in Nepal are struggling because essential medicines like cisplatin are running out. This deserves more attention. 🙏,negative
Belayat kasari tesro pakshya timro Des satchalis mabaneko nepalko belayat sanga sandhi pachSko samdhile sugaulisandhi kharej bhako cha chinatimeru Nepal buumima byapargarne ani stake holder bhena  tanalayak parrstra Mantri ko gjoch pech ho sima milekai haima timele paisa khwai nepalko bhumi India tira pareka chau ata biswanapi lyaigarinu parcha balenko kura sima basneko hosainik sakti dekhai pelera khanakhoje thik hunna,BBCNewsNepali,https://www.youtube.com/watch?v=c9X8FaPruKI,Belayat kasari tesro pakshya timro Des satchalis mabaneko nepalko belayat sanga sandhi pachSko samdhile sugaulisandhi kharej bhako cha chinatimeru Nepal buumima byapargarne ani stake holder bhena tanalayak parrstra Mantri ko gjoch pech ho sima milekai haima timele paisa khwai nepalko bhumi India tira pareka chau ata biswanapi lyaigarinu parcha balenko kura sima basneko hosainik sakti dekhai pelera khanakhoje thik hunna,negative
There is nothing like border dispute between India and Nepal..Nepal govt is funded by China just to poke India constantly so that India dont become superpower..Lets not fight because third person is taking profit and all this issue will make both country suffer..,TheNepaliComment,https://www.youtube.com/watch?v=ryhQNybiElQ,There is nothing like border dispute between India and Nepal..Nepal govt is funded by China just to poke India constantly so that India dont become superpower..Lets not fight because third person is taking profit and all this issue will make both country suffer..,negative
मगन्ते कंगाल देश नेपाल मा चण्डाल नेता हरु को बिगबिगी छ।,Kछ Nepal,https://www.youtube.com/watch?v=Kp2sVewoQWA,"Chandal leaders are in trouble in Nepal, a poor country.",negative
देस काे प्रधानमन्त्री भयर यस्ताे नामर्द कुरा गर्न मिल्छ र जब कि अहिले सम्म भारत ले पनि भनेकाे छैन,GSMediaNetwork,https://www.youtube.com/watch?v=YcBSKgWFGXA,"Being the Prime Minister of the country, you can say such a stupid thing and till now even India has not said it",negative
नेपाले हालसम्म भारतकाे सिमामिचेकाे हाेयिन भारतले चायि नेपालकाे सिमा मिचेकाेछ र हाे जय नेपाल जय नेपाली,Samacharpati,https://www.youtube.com/watch?v=eTb8SyZun1M,"Nepal has not yet crossed the border of India, but India has crossed the border of Nepal and Hail Nepal, Hail Nepali.",negative
Je bole thik bole estai bolnu parx nepali haru le ehi khojeko aba nepal nai India ho bhani diy katy ramro hunx hola nepali le chaheko kura bolnu bhayx nepali ko buddi paxi aaux brother k garnu hamile vanera hunna sab janta nai lagesi India huna pani k ber lagx ra sab lai ramro lagx vane India nai sahi mero vannu kehi nai xaina harka sir  le ta yo desh aru le lanx vaneko nai x herdai jau kk sunna painx nepal ma sahi neta paiyna aaj samma dhikar x,KhojSamachar,https://www.youtube.com/watch?v=45rp5GC0tcQ,Je bole thik bole estai bolnu parx nepali haru le ehi khojeko aba nepal nai India ho bhani diy katy ramro hunx hola nepali le chaheko kura bolnu bhayx nepali ko buddi paxi aaux brother k garnu hamile vanera hunna sab janta nai lagesi India huna pani k ber lagx ra sab lai ramro lagx vane India nai sahi mero vannu kehi nai xaina harka sir le ta yo desh aru le lanx vaneko nai x herdai jau kk sunna painx nepal ma sahi neta paiyna aaj samma dhikar x,negative
Sikkim Game is going on in Nepal,IDSMediaNetwork,https://www.youtube.com/watch?v=U2jbDkyGWx4,Sikkim Game is going on in Nepal,negative
Timiharu le balen sarker lahi sikako suhaoodawna akantama basera xatima hat rakera vagawan samjera sochata  timiharu kastaxau? Kati vastachari xau?,Samacharpati,https://www.youtube.com/watch?v=eTb8SyZun1M,Timiharu le balen sarker lahi sikako suhaoodawna akantama basera xatima hat rakera vagawan samjera sochata timiharu kastaxau? Kati vastachari xau?,negative
Ye nepal wale bharat se kyo ladte hai jab bharat nepal ki hamesha help karta hai jaye bhukamp aye ya arthik madad . Chaina ke se kyo nahi Ladte chaina ne to tumhare gao ke gao. Kabzaye the . Kyoki bharat apne padosio ke liye soft hai agar bharat chaina jaisa akramak ban jaye to in chhote chhote chhote desh ki himmat bhi nhi hogi india ko akh dikhane. Ki,TheNepaliComment,https://www.youtube.com/watch?v=ryhQNybiElQ,"Why do these Nepalese blame India when India always helps Nepal in case of earthquake or economic help. Because of the chain, why don't the boys sing your songs? Capture the. Because India is soft towards its neighbors, if India becomes aggressive like China, then this small country will not even have the courage to show its eyes to India. Ki",negative
Toi ban pradhanmantri muji,KhojSamachar,https://www.youtube.com/watch?v=45rp5GC0tcQ,Toi ban prime minister muji,negative
Nepal lai Bharat banaune tayar balen le gardai xa,GSMediaNetwork,https://www.youtube.com/watch?v=YcBSKgWFGXA,Nepal brought India to guard by making tire bales.,negative
we must do something India is cupturing our land,TheNepaliComment,https://www.youtube.com/watch?v=ryhQNybiElQ,we must do something India is cupturing our land,negative
रेगुलर कैलाली बाट . बालेन लेभनेको विषय आपत्ती जनकछ र रोस्टममा जान लडाइ झगडा गर्न नेपालीले त्यहाँपठायका हैनन् गम्भीर विषय हो,Samacharpati,https://www.youtube.com/watch?v=eTb8SyZun1M,From regular Kailali. The issue of Balen Levane is objectionable and Nepalis do not go there to fight and fight in Rostam. It is a serious issue.,negative
"जुम्लाको कुरा सुन्दा हाँस उठ्यो!!! हैट नेपाली संस्कार, चेतना???/",BBCNewsNepali,https://www.youtube.com/watch?v=c9X8FaPruKI,"I laughed when I heard Jumla!!! Hate Nepali culture, consciousness???/",negative
"😮😮😮😮😮😮😮😮😮😮😮😮😮😮😮😮😮😮😮😮😮 

Bharatko  damchaina
Sugauli sandi  anusar  chalnu parcha Nepal le
Tesaile tesoro  kaamchaina vaneko 
British  binaa  yo kura  maandaina",BBCNewsNepali,https://www.youtube.com/watch?v=c9X8FaPruKI,"😮😮😮😮😮😮😮😮😮😮😮😮😮😮😮😮😮😮😮😮😮 

Bharatko damchaina
Sugauli sandi anusar chalnu parcha Nepal le
Tesaile tesoro kaamchaina vaneko 
British binaa yo kura maandaina",negative
Tyro jholy samjihalxni,NewsInNepal,https://www.youtube.com/watch?v=PS7elNlcdHg,Tyro jholy samjihalxni,negative
Aunsi ko Sarkar grahan lagyo aam Nepali janta lai 😅😢,KhojSamachar,https://www.youtube.com/watch?v=COGGc-UvlaI,Ansi ko Sarkar grahan gayo aam Nepali public 😅😢,negative
35bars sam kati paltw sarkar feriyo bar bar tarw ek jana le pani india lai barta ma lyaunu saken kin ki india le sarkar chalauthiyo hijo balen le boleko satya ho sabai pm lai tha x tarw purano lai ramro sang tha x satya kura bolyo vane veda haru le k hal garx vaner tei vayer sabai pm haru lai tha x nepali janta kasta xan vaner man rakhdinu ko lagi vaye pani india lai ghoche jasto garne ani vitra gayer sorry magne haru hun! tarw ab ko sarkar testo xain biswas gar 100%table talk hunx hunx,KhojSamachar,https://www.youtube.com/watch?v=COGGc-UvlaI,35bars sam kati paltw sarkar feriyo bar bar tarw ek jana le pani india lai barta ma lyaunu saken kin ki india le sarkar chalauthiyo hijo balen le boleko satya ho sabai pm lai tha x tarw purano lai ramro sang tha x satya kura bolyo vane veda haru le k hal garx vaner tei vayer sabai pm haru lai tha x nepali janta kasta xan vaner man rakhdinu ko lagi vaye pani india lai ghoche jasto garne ani vitra gayer sorry magne haru hun! tarw ab ko sarkar testo xain biswas gar 100% table talk hunx hunx,negative
Gajedi pm  .. k boleko ho  thaha nai xain pm lai.. nepal ko lagi khatra pm . Ra ghante  ka jhole,KhojSamachar,https://www.youtube.com/watch?v=45rp5GC0tcQ,Gajedi pm.. what are you saying? Ra ghante ka hole,negative
किन पछि हट्ने? बिपक्षी बिरोध कै लागि बिरोध गर्नु गलत हो,News24Nepal,https://www.youtube.com/watch?v=ZuMOJjCsthA,Why retreat? It is wrong to protest for the sake of opposition,negative
Balen ले गलत बोलेकै हो ❤❤❤❤❤,KhojSamachar,https://www.youtube.com/watch?v=COGGc-UvlaI,Balen is wrong ❤❤❤❤❤,negative
"Nepal le micheko hoena
Nepal ko shima thaha chalena vane etihash padha . uttarma chin purbama tista pari satalaj dhakxinma ganga Nadi paschimma Killa kangada samma ko jamin kasle micheko? Ramro gyan vaash . Aarko kura gyan hosh ki Nepal ko sima Sri 3 Maharaj Jangabahadur ranale shimama gadeko jange Pilar arko Shima ho awhile Pani thadai xha gyan vaash.",Samacharpati,https://www.youtube.com/watch?v=eTb8SyZun1M,"Nepal le micheko hoena
Nepal ko shima thaha chalena vane etihash padha . uttarma chin purbama tista pari satalaj dhakxinma ganga Nadi paschimma Killa kangada samma ko jamin kasle micheko? Ramro gyan vaash. Aarko kura gyan hosh ki Nepal ko sima Sri 3 Maharaj Jangabahadur ranale shimama gadeko jange Pilar arko Shima ho awhile Pani thadai xha gyan vaash.",negative
बलेन  डर छेरुवा  देश द्रोही  हो,NewsInNepal,https://www.youtube.com/watch?v=PS7elNlcdHg,Balen Dar Chheruva is a traitor,negative
यदि अरुले मिचेको छ भने नि छोड्नुहुदैन । आफुले नि मिच्नु हुदैन । अर्काको जमिन हामिले मिचेको छ भने छोडिदिनुपर्छ ।,KhojSamachar,https://www.youtube.com/watch?v=COGGc-UvlaI,"If others have broken it, don't leave it. You should not beat yourself up. If we have encroached on another's land, we must leave it.",negative
aaagjaani huhaallla gaarne aarajak jaathhha lai nepal praahari le sarbajanik mudda thokera khorma jaaakna jaaaruri vaaisakyo...,SagarmathaTV,https://www.youtube.com/watch?v=5S-KM7o_DRk,aaagjaani huhaallla gaarne aarajak jaathhha lai nepal praahari le sarbajanik mudda thokera khorma jaaakna jaaaruri vaisakyo...,negative
Harka Sampang ko math ni video banauna paryo. Yo guithey dekhera harek nepali ko ragat tatiyeko cha,WhySoOffended,https://www.youtube.com/watch?v=QeLbM6LdLBA,Harka Sampang ko math ni video banauna paryo. Yo guithey dekhera harek nepali ko ragat tatiyeko cha,negative
Deshma tetro bhrastachar bhairakhda kata thyo soltini sambidhan,NewsInNepal,https://www.youtube.com/watch?v=PS7elNlcdHg,Deshma tetro bhrastachar bhairakhda kata thyo soltini sambidhan,negative
Yo chor hok dai giresh daiko mobile choreko mo kusuti basxu,KhojSamachar,https://www.youtube.com/watch?v=45rp5GC0tcQ,Yo chor hok dai giresh daiko mobile choreko mo kusuti basxu,negative
Sahi Kura ho,GSMediaNetwork,https://www.youtube.com/watch?v=YcBSKgWFGXA,Where are you right?,negative
Daka rahex ni,Samacharpati,https://www.youtube.com/watch?v=eTb8SyZun1M,Leave me alone,negative
Pm vayera sadanma yasto volnu rastraghati kura ho,GSMediaNetwork,https://www.youtube.com/watch?v=YcBSKgWFGXA,Pm vayera sadanma yato volnu rastraghati kura ho,negative
"होइन सरकारले आफै त्यस्तो बोलेको छैन भनिसकेको छ फेरि तेसलाई किन justify गरिराको, गलतलाई त गलत नै भन्नुपर्छ ।",TheNepaliComment,https://www.youtube.com/watch?v=ryhQNybiElQ,"No, the government has already said that it has not said that, why are you justifying it?",negative
बोल्ने ढंग र तरिका छैन र त संसद् मा  उपस्थिति हुने रैन छ त,News24Nepal,https://www.youtube.com/watch?v=ZuMOJjCsthA,There is no style and manner of speaking and there is no presence in the parliament,negative
"I can't lie, your comment is very vague and fails to clearly specify which part you disagreed with and wanted to debate.",WhySoOffended,https://www.youtube.com/watch?v=QeLbM6LdLBA,"I can't lie, your comment is very vague and fails to clearly specify which part you disagreed with and wanted to debate.",negative
सर्बोच्च मन्च मा बसेर राष्ट्र प्रमुखले आफ्नो देशले पनि अरुको देशको सिमा मिचेको छ भन्दा यो कुटनैतिक कुरा सम्झेर स्वीकार गर्नुपर्ने वा वाहि गर्नुपर्ने तैपनी धेरै ठाउँ मा पो मिच्यो रे 😂😂 हजुरलाइ पनि घन्टी को राप्ले छोए जस्तो छ।,TankaDahal,https://www.youtube.com/watch?v=FqyGil9SZ9g,"Sitting on the highest platform, the head of state has violated the borders of other countries by remembering that this is a diplomatic matter that should be accepted or rejected.",negative
सहि आवाज घण्टेहरु सकियो यो सभामुख एकलौटी सत्तपक्षको लागि मात्र बोलेको बुझियो राजिनामा  दे उपसभामुख खै हो बोल्नु पर्यो,NewsInNepal,https://www.youtube.com/watch?v=PS7elNlcdHg,The right voice hours are over. It is understood that the speaker spoke only for the sole authority. Please resign. The deputy speaker should speak yes.,negative
के भन्नू र यस्तो दिन पनि आयो आफ्नै देसले मिचेको भुमी खोज्दै हिद्नु पर्ने दिन पनि आयो ।,GSMediaNetwork,https://www.youtube.com/watch?v=YcBSKgWFGXA,What can I say and a day like this has come when I have to walk in search of land that my own country has left behind.,negative
"​ @unrealbutreal-l2p  Yes, its not just about lipulekh limpiyadhura. When any other kind of boarder disput occours India will already have upper hand.",WhySoOffended,https://www.youtube.com/watch?v=QeLbM6LdLBA,"​ @unrealbutreal-l2p  Yes, its not just about lipulekh limpiyadhura. When any other kind of boarder disput occours India will already have upper hand.",negative
Ho padmale sodhdha thikai uttar thiyo aaryan le sodhda ganja lagyo,Samacharpati,https://www.youtube.com/watch?v=eTb8SyZun1M,Ho padmale sodhdha thikai uttar thiyo aaryan le sodhda ganja lagyo,negative
 @Rose-ot1mn the way he is misleading information to the public of Nepal 😅,IDSMediaNetwork,https://www.youtube.com/watch?v=U2jbDkyGWx4,@Rose-ot1mn the way he is misleading information to the public of Nepal 😅,negative
Des Bharat lai Bechne Sadentra ho Balen Rabi ko,GSMediaNetwork,https://www.youtube.com/watch?v=YcBSKgWFGXA,These Indians started selling their hair to the farmers.,negative
Imadoal lalitpur,InsideNepalNews,https://www.youtube.com/watch?v=JJpkqAM-uf0,imadoal lalitpur,negative
"Not opposing just asking questions (needed to clarify for jay ghanti gang)
Maybe balen did this intentionally trying to build a narrative so that he may exchange some Nepal land of Indian interest to trade off with smth of personal interest as this has been seen in Nepali politics before this could possibly explain the overwhelming welcome of rabi in india with respect to his time of visit or maybe not",IDSMediaNetwork,https://www.youtube.com/watch?v=U2jbDkyGWx4,"Not opposing just asking questions (needed to clarify for jay ghanti gang)
Maybe balen did this intentionally trying to build a narrative so that he may exchange some Nepal land of Indian interest to trade off with smth of personal interest as this has been seen in Nepali politics before this could possibly explain the overwhelming welcome of rabi in india with respect to his time of visit or maybe not",negative
यदि नेपालले भारतको भुमी मिचेको छ भने भारत लाइ फिर्ता देउ तर नेपालको जमिन सबै  फिर्ता लिनु  पर्छ ! सरकारले बोलेर मात्र हुदैन !,GSMediaNetwork,https://www.youtube.com/watch?v=YcBSKgWFGXA,"If Nepal has destroyed India's land, give it back to India, but Nepal's land should be taken back! The government does not just speak!",negative
"😁😁😁 old corrupt politicians always used border issues or problem as a weapon to harm the government of the time but nobody tried to solve the problem honestly because the day ..the problem is solved  , politicians will lose one of their most powerful weapon forever 😄",Samacharpati,https://www.youtube.com/watch?v=eTb8SyZun1M,"😁😁😁 old corrupt politicians always used border issues or problem as a weapon to harm the government of the time but nobody tried to solve the problem honestly because the day ..the problem is solved  , politicians will lose one of their most powerful weapon forever 😄",negative
लुसिफर बालेनको कुनै काम छैन,TankaDahal,https://www.youtube.com/watch?v=FqyGil9SZ9g,Lucifer Balen has no business,negative
Cyber bot,WhySoOffended,https://www.youtube.com/watch?v=QeLbM6LdLBA,Cyber bot,negative
पधान मंन्त्रिको राजिनामा माग्ने कोहो तेसलाई पाता फकाउनु पदछ बालेन शाहले जस्तो कामकस्ले गरेको थियो देखात क्ेहो कसोहो सबै बालेन शाह ले बुझेको हो सोधपुछ सबै बालेन शाहलेनै गरनु हुन्छ,NewsInNepal,https://www.youtube.com/watch?v=PS7elNlcdHg,The one who asks for the resignation of the Padhan Minister should be fooled like Balen Shah did.,negative
TIBET is Illegally Occupied by communist regimes china slaughtered millions millions innocents Tibetans stole everything from Tibetans nation Dignity identity.......  some nations supporting regimes very shameful sick Disgrace...😢   big nations Bullying smaller neighbouring nations shame Disgrace too,Samacharpati,https://www.youtube.com/watch?v=eTb8SyZun1M,TIBET is Illegally Occupied by communist regimes china slaughtered millions millions innocents Tibetans stole everything from Tibetans nation Dignity identity.......  some nations supporting regimes very shameful sick Disgrace...😢   big nations Bullying smaller neighbouring nations shame Disgrace too,negative
यो बालेन् द्वारा साँच्चैकै धेरै ठूलो गल्ती भएको हो।,TheNepaliComment,https://www.youtube.com/watch?v=ryhQNybiElQ,This is a really big mistake by Ballen.,negative
"✅ वाह moment: उम्म... 🤔 सवै प्रतिवेदन सरकारले अध्ययन गर्छ? 

❌ हेँ moment: भारतले मात्र होइन, हामीले पनि भारतको धेरै जग्गा मिचेको रहेछ रे! 😅 अनि
 England सरकार रे 🤔

कूटनीतिक माध्यममा जोड दिने तर Diplomatic language चाहिँ❓

सुकुम्बासी व्यवस्थापनमा चाहिँ सरकार फेल भएकै हो, किनभने मुख्य विवाद सार्वजनिक जमिन खाली गराउने विषयमा होइन, प्रक्रियामा छ।

पहिचान, पुनर्स्थापना र चरणबद्ध व्यवस्थापन सुनिश्चित नगरी eviction गर्दा साँचिकै सुकुम्बासी नै बढी पीडित भए।
अन्त्यमा, समस्या समाधानभन्दा बढी नयाँ मानवीय र प्रशासनिक समस्या सिर्जना भयो।",WhySoOffended,https://www.youtube.com/watch?v=QeLbM6LdLBA,"✅ Wow moment: Umm... 🤔 Does the government study all the reports? 

❌ Hey moment: Not only India, we also have destroyed a lot of land in India! 😅 And
 England government

Emphasis on diplomatic means but Diplomatic language?

The government has failed in squatter management, because the main dispute is not about clearing public land, but about the process.

The real squatters were the worst victims of eviction without ensuring identification, rehabilitation and phased management.
In the end, the new humanitarian is more than a problem solver",negative
"शेर बाहादुर , केपी ओली ,प्रचन्ड जस्ताले सिमा बिबाद हल को सट्टा राष्टघात मात्र गरे।",TVTodayHD,https://www.youtube.com/watch?v=QZy_b9XNFfo,"Sher Bahadur, KP Oli, Prachand etc. did only Rashtaghat instead of the border dispute hall.",negative
Yini asti hamile kasta lai pm banako vanne ani afaile  hatmilaune kati sweet bole jasto garxe,NewsInNepal,https://www.youtube.com/watch?v=PS7elNlcdHg,Yini asti hamile kasta lai pm banako vanne ani afaile hatmilaune kati sweet bole jasto garxe,negative
Satya satya hunxa bolnu pani aat himat hunu paryo ni simanako kura ho michinu sakxa bipakxi vayera birodi matra garne jao gayera sima sima gayera aako kun chai samsad xa,Samacharpati,https://www.youtube.com/watch?v=eTb8SyZun1M,Satya satya hunxa bolnu pani aat himat hunu paryo ni simanako kura ho michinu sakxa bipakxi vayera birodi matra garne jao gayera sima sima gayera aako kun chai samsad xa,negative
jay balen srkhar,GSMediaNetwork,https://www.youtube.com/watch?v=YcBSKgWFGXA,jay balen srkhar,negative
Regular walling badahara bata namaskar,Samacharpati,https://www.youtube.com/watch?v=eTb8SyZun1M,Regular walling badahara bata namaskar,negative
Regular herxu bardiya dekhi,Samacharpati,https://www.youtube.com/watch?v=eTb8SyZun1M,Regular herxu bardiya dekhi,negative
भाइले अल्लि बुजेन जस्तो छ सभामुखले लेखेर बुजाउनु मलाइ अनि म केही दिन पछि प्रधानमन्त्रीले जवाफ  दिनुहुन्छ भन्नू भाथ्यो तर लेखेर कुनै साम्सदले लेखेर नबुजाएको खण्डमा मौखिक प्रस्नको जवाफ मौखिक नै हुन्छ भाइ तेइ भएर अकस्मात जवाफ पाए ।😂😂😂,IDSMediaNetwork,https://www.youtube.com/watch?v=U2jbDkyGWx4,"Brother, it's like you don't understand. If the Speaker writes it down, I used to say that the Prime Minister will give an answer after a few days, but if a member of parliament doesn't understand it in writing, then the answer to a verbal question is verbal.",negative
देशको परराष्ट्र निति र सिमानाका कुरामा एक मत भएर गएका  भए  राजनैनिक दलले आज यो दिन आउदैन थियो ।राजनीतिक दल आफ्नो सुवार्थको कारणले गर्दा बिग्रेको हो भन्दा फरक पर्दैन होला।,Kछ Nepal,https://www.youtube.com/watch?v=Kp2sVewoQWA,The political party would not have come to this day if the country's foreign policy and borders had been united.,negative
Balen bolda nisa khakaiho,NewsInNepal,https://www.youtube.com/watch?v=PS7elNlcdHg,Balen bolda nisa khakaiho,negative
यो बालेन नेपाली हैन भारतको रख्वाला दलाल हो अब नेपाली जाग्नु पर्छ देश बचाउ को लागी जय नेपाल.,KhojSamachar,https://www.youtube.com/watch?v=45rp5GC0tcQ,"This Balen is not a Nepali, but the protector of India is a broker. Now the Nepali should wake up to save the country. Jai Nepal.",negative
Malai ta sanka lagxa Nepal le kalapani dine ra Nepal le india ko simana alikati michne vadra gopya sahamati gareka holan kp oli ra purana party le..,KhojSamachar,https://www.youtube.com/watch?v=COGGc-UvlaI,"The milk is lagging behind Nepal, the Kalapani is in Nepal, I am going to India, I have become like my own Vadra Gopya Sahamati Gareka Holan Kp Oli Ra in the old party..",negative
"बानियाँ श्रीमान नमस्कार ! म एउटा किसानपुत्र र किसान पनि ,मैले नबुझेको कुरा ,अंग्रेज़ सङ को युद्धमा मा गुमाएको भुभाग अंग्रेज़ ले छोडेर गयपछी स्वत नेपाली हुने होइन र ,यो कुरा नेपाली गुखाने नेतालाई  बुझाइ दिनु पर्यो ,तुरुन्त यो विषय मा बेलायत लाई राखेर यो माग अहिले को सरकारले मागोस",Kछ Nepal,https://www.youtube.com/watch?v=Kp2sVewoQWA,"Mr. Baniyan Hello! I am a farmer's son and also a farmer, what I don't understand is that I will not automatically become a Nepali after the British leave the land I lost in the war with the British.",negative
भ्रष्टाचारी को झोलेनी मुर्दावाद  मुर्दावाद,NewsInNepal,https://www.youtube.com/watch?v=PS7elNlcdHg,Deadly death of the corrupt,negative
Balen le rajinama deyahunxa nepalile balen lai mad garne chainan,KhojSamachar,https://www.youtube.com/watch?v=45rp5GC0tcQ,Balen le rajinama deyahunxa nepalile balen lai mad garne chainan,negative
3 sit party 😢,IDSMediaNetwork,https://www.youtube.com/watch?v=U2jbDkyGWx4,3 sit party 😢,negative
Sarai Sahi kura vannu vayo patrakar bhaile  Ghanta group ko Andha bhakta haru le matra Balen ko kurama sahamat gareko veda harule .,KhojSamachar,https://www.youtube.com/watch?v=COGGc-UvlaI,Sarai Sahi kura vannu vayo patrakar bhaile Ghanta group ko Andha bhakta haru le matra Balen ko kurama sahamat gareko veda harule .,negative
Aupacharik sansadsabhama anaupacharik ruple boleko milenaki!?👎😅👍,Samacharpati,https://www.youtube.com/watch?v=eTb8SyZun1M,Aupacharik sansadsabhama anaupacharik ruple boleko milenaki!?👎😅👍,negative
गलत बाेल्याे,KhojSamachar,https://www.youtube.com/watch?v=45rp5GC0tcQ,said wrong,negative
तैले मागेर हुन्छ राजिनामा झोले 🤬🤬🤬,NewsInNepal,https://www.youtube.com/watch?v=PS7elNlcdHg,He asked for his resignation 🤬🤬🤬,negative
Taile banako ho sarkar vana ragina makdaima dine gaute....teso ho vane aarko junab 182 seat lera aahija panila.... kura garxa 3 seate auto.😂😂😂😂😂,News24Nepal,https://www.youtube.com/watch?v=ZuMOJjCsthA,By making the government want to increase the price....that's why you guys took 182 seat car with a 3 seat auto.,negative
गर्नु त पर्ने हो तर बेलायल ले कहिले यस्तो गर्दैन,BBCNewsNepali,https://www.youtube.com/watch?v=c9X8FaPruKI,"It should be done, but Belial never does it",negative
Politics ke ho ahile hjr le chahi bujhnu va xain ke kasto plan ho Balen dai ko.yastai hawa ma jathavawi bolnu hudai ni. yo plan ho Balen dai ko. pagal hoina ni yarr ki sansad ko rostam ma gayera yasto statement dinne bichar gara sathi. hamile padheko manxe le bujhdai nau vanne kale bujhxa yarr❤,KhojSamachar,https://www.youtube.com/watch?v=COGGc-UvlaI,"I am the only one who wants to talk about politics and what kind of plan do you have? I am planning to give you hair. Don't be crazy, I would like to say this statement in the morning to our Parliament, my friend. If you are pregnant, then you will have to worry about it.",negative
Balen dunge out,NewsInNepal,https://www.youtube.com/watch?v=PS7elNlcdHg,Balen dunge out,negative
Desh bechua haru sanga warta garna sarai garo raicha bujhera aauda. Bau baje Pala Dekhi vanthe desh neta mantri le becheko Cha aaja proof vayo... Kura desh ko tara paksha Bharat ko 😭,Kछ Nepal,https://www.youtube.com/watch?v=Kp2sVewoQWA,The country has sold all the news to everyone. Bau baje pal dekhi tha desh neta minister le cheko cha aaja proof vayo… Kura ko tara paksha Bharat ko 😭,negative
And whats about Darjeeling and sikkim,IDSMediaNetwork,https://www.youtube.com/watch?v=U2jbDkyGWx4,And whats about Darjeeling and sikkim,neutral
Kalo congress fund still strong,WhySoOffended,https://www.youtube.com/watch?v=QeLbM6LdLBA,Kalo congress fund still strong,neutral
PM ho adhyan  garayra  bolnu vha co hola. .,KhojSamachar,https://www.youtube.com/watch?v=45rp5GC0tcQ,PM started studying and said what happened. .,neutral
पहिला गुमेको फिर्ता गर,GSMediaNetwork,https://www.youtube.com/watch?v=YcBSKgWFGXA,Return the lost first,neutral
 @deomanlimbu5852  jholeka din gayo🤣😂,NewsInNepal,https://www.youtube.com/watch?v=PS7elNlcdHg,@deomanlimbu5852 jholeka too🤣😂,neutral
Sima bid vanne paniii Alluu raxan,Kछ Nepal,https://www.youtube.com/watch?v=Kp2sVewoQWA,Sima wanted to go to Alluu Raxan.,neutral
nepali evolution: Mandaley -> Jholey -> Ghantey.,WhySoOffended,https://www.youtube.com/watch?v=QeLbM6LdLBA,nepali evolution: Mandalay -> Jholey -> Ghantey.,neutral
He will suppress kp oli 🙏,TheNepaliComment,https://www.youtube.com/watch?v=ryhQNybiElQ,He will suppress kp oli 🙏,neutral
Jay balen,TechPana,https://www.youtube.com/watch?v=Mf7YpiqHYis,Jay Balen,neutral
Sahi kura ho bhai,KhojSamachar,https://www.youtube.com/watch?v=COGGc-UvlaI,What is the truth brother?,neutral
Mahakali river origin is likulekh but most of the water come from Limpiyadhura,TheNepaliComment,https://www.youtube.com/watch?v=ryhQNybiElQ,Mahakali river origin is likulekh but most of the water comes from Limpiyadhura,neutral
खुलित्तै.....! राजनीति मा के के हुन्छ भन्ने थाहा हुन्न ठूलो माछा पार्नु नि एउटा सानो चारो को आवासेक पर्दछ त्येसैले तिमी पनि उखाने र गुखानेको झोले जस्तो लाग्यो है तिमी ले नि बुझ्नु धेरै देखियो...!,KhojSamachar,https://www.youtube.com/watch?v=COGGc-UvlaI,"Immediately...! You don't know what is going on in politics, you have to catch a big fish and a small bait needs to stay, that's why you also feel like a bag of food and drink.",neutral
Galti re kun hisab bata Galti ho sir sabahi fact bahi sakhyo tha micheko cha banera Ali samjera dinu answer,Kछ Nepal,https://www.youtube.com/watch?v=Kp2sVewoQWA,"If you make a mistake, tell me the mistake, sir, you are the truth, you will make a mistake, Ali Samjera Dinu answer.",neutral
बालेन।सरकार ने।अपनी ही।जमीन पड।सुधारा।देखभाल किया।हें ।कौनसी ।भारत की।भुमी।😊यह।नेपाल की।अगल-बगल ।जितना भी।पिला।कलर।दिख।रहा।से।यह।सब।नेपाल है 😊😊,KhojSamachar,https://www.youtube.com/watch?v=COGGc-UvlaI,"Balen. The government has read, improved, and taken care of its own land. Which land of India? This is Nepal's side-by-side. Whatever yellow color is visible, all this is Nepal.",neutral
Tike lae aajhae pugeko xaina 35barsa samma yani haru ke heri baseka aaja samma tungo launa na sakni,Kछ Nepal,https://www.youtube.com/watch?v=Kp2sVewoQWA,Tike lae today pugeko xaina 35 years all tomorrow and heri baseka today all today you have your own,neutral
Thaha VA kai kura bahek aru kura Vana ho TNC yo ta dherai choti vani saky CHHAU taa😮,TheNepaliComment,https://www.youtube.com/watch?v=ryhQNybiElQ,Thaha VA kai kura bahek aru kura Vana ho TNC yo ta dherai choti vani saky CHHAU taa😮,neutral
चप मुलाा तिमिले पनि कति प‌ैशा पायो वालेनले जे पालन छ उहामा छ होला।तिमी पाजिलाइ के थाह देशका प्रधान मन्त्रि जस्तो मान्छेले विन पालन तेसै वोल्दैन वुझिस,KhojSamachar,https://www.youtube.com/watch?v=45rp5GC0tcQ,"Chap boy, how much money did you also get? What is the compliance of the person?",neutral
k vanxa yo 😂,WhySoOffended,https://www.youtube.com/watch?v=QeLbM6LdLBA,k go me 😂,neutral
100%balen ko kura ma kehi na kehi rahasya hona ni,KhojSamachar,https://www.youtube.com/watch?v=45rp5GC0tcQ,100% whale is no secret,neutral
RAW Agent bata Desh bachau,NewsInNepal,https://www.youtube.com/watch?v=PS7elNlcdHg,RAW Agent Bata Desh Chau,neutral
Tara balenle je vane satya vane,KhojSamachar,https://www.youtube.com/watch?v=45rp5GC0tcQ,Tara balenle je vane satya vane,neutral
दिमाग छ है,KhojSamachar,https://www.youtube.com/watch?v=45rp5GC0tcQ,the brain is six,neutral
Ma ta in depth story hoki vanerw rw herwko aba ma unsubscribe garehalxau ma,IDSMediaNetwork,https://www.youtube.com/watch?v=U2jbDkyGWx4,Ma ta in depth story hoki vanerw rw herwko aba ma unsubscribe garehalxau ma,neutral
Balen india ko agent ho..,KhojSamachar,https://www.youtube.com/watch?v=COGGc-UvlaI,Balen is the agent of India..,neutral
कार्यक्रम पुरै हेरियो। कार्य कार्यक्रममा नेपाली भनेको चाहिँ हाम्रो राजेन्द्र लिङ्ग दिन सर मते देखे मैले नेपाली हो भन्छन् तर चिरमा ढाका टोपी नै छैन। अझ राष्ट्रियताको कुरा गरी बस्छ। राष्ट्रियताको बहस मात्र राष्ट्रियता झल्किने पोसाकहरू पनि त हुनुपर्यो नि।,Kछ Nepal,https://www.youtube.com/watch?v=Kp2sVewoQWA,"Watched the whole program. In the work program, Nepali is our Rajendra Lingdin sir. It also talks about nationality. Not only the discussion of nationalism, there should also be clothes that reflect nationalism.",neutral
Taklu Voli Aheja Hai Kapaa Hanna Jana Parxa 😂,WhySoOffended,https://www.youtube.com/watch?v=QeLbM6LdLBA,Taklu Voli Aheja Hai Kapaa Hanna Jana Parxa 😂,neutral
Jai Balen,WhySoOffended,https://www.youtube.com/watch?v=QeLbM6LdLBA,Holiday Ball,neutral
"न,?",GSMediaNetwork,https://www.youtube.com/watch?v=YcBSKgWFGXA,"No,?",neutral
हिजो को दिन फालेको बोटल कवाडी टिप्ने जति सबै सांसद बनाए पछि घन्टाको देश बिकास हुन्छ,NewsInNepal,https://www.youtube.com/watch?v=PS7elNlcdHg,The country will develop in an hour after making all the MPs as much as picking up the bottles of Kavadi that were thrown away yesterday,neutral
सम्झौतामा तेस्रो पक्ष सङ्गै भएको र संलग्न भएको हुदा तेस्रो पक्ष हुनु आवश्यक छ!,BBCNewsNepali,https://www.youtube.com/watch?v=c9X8FaPruKI,A third party must be present and involved in the contract!,neutral
sima ma kam gareko vancha tetro sima michda samma ke herera baseko thiyo?,GSMediaNetwork,https://www.youtube.com/watch?v=YcBSKgWFGXA,Sima and Vancha Tetro Sima Michda are all based on it?,neutral
"लिपुलेक , कालापानी ,सुस्ता हरु त होइन कि जनकपुर:हो ? बाले लाइ सोधौ",GSMediaNetwork,https://www.youtube.com/watch?v=YcBSKgWFGXA,"Lipulek, Kalapani, Susta Haru or Janakpur: Yes? Ask Bale",neutral
harekey mug kaha xa,TankaDahal,https://www.youtube.com/watch?v=FqyGil9SZ9g,How much is it?,neutral
Timiharu lahi karbahi gharnu parxa p M lemafivmagni haeena timiharu Garuda ghardi garera janta ko ragat kayara baseka lahi desma basni aadiker xaeena jantako sarker vagawan sataya Badi sarker ho balen sarker Pura Biswas xa Galt gharnu hunna,Samacharpati,https://www.youtube.com/watch?v=eTb8SyZun1M,Timiharu lahi karbahi gharnu parxa p M lemafivmagni haeena timiharu Garuda ghardi garera janta ko ragat kayara baseka lahi desma basni aadiker xaeena jantako sarker vagawan sataya Badi sarker ho balen sarker Pura Biswas xa Galt gharnu hunna,neutral
100 percent right,KhojSamachar,https://www.youtube.com/watch?v=COGGc-UvlaI,100 percent right,neutral
Sai ho dai,TheNepaliComment,https://www.youtube.com/watch?v=ryhQNybiElQ,"You know, come on",neutral
Teti nai raixa boleko .😂,TechPana,https://www.youtube.com/watch?v=Mf7YpiqHYis,Teti nai raixa voleko .😂,neutral
​ @Cloudx77  aandhbhakt,WhySoOffended,https://www.youtube.com/watch?v=QeLbM6LdLBA,@Cloudx77 aandhbhakt,neutral
5th,WhySoOffended,https://www.youtube.com/watch?v=QeLbM6LdLBA,5th,neutral
Belen is always right adi yo desh balen matra banauna sakxa aru kasaele sakdina,TankaDahal,https://www.youtube.com/watch?v=FqyGil9SZ9g,Belen is always right adi yo desh balen matra banauna sakxa aru kasaele sakdina,neutral
मेराे देश भने काे देश हाे बालेन त मै ले मेराे देश भए पछि यस्तो  नाजाए नेपाल ले पयदा गदै,KhojSamachar,https://www.youtube.com/watch?v=45rp5GC0tcQ,"I don't know which country is my country, then Nepal will be like this after it became my country.",neutral
झोले जनता हरुले गर्दा नेपालका नेताहरुले जे बोले पनि सहि जे गरे पनि सहि,KhojSamachar,https://www.youtube.com/watch?v=COGGc-UvlaI,"Whatever the leaders of Nepal say is right, whatever they do is right",neutral
Regular Gaushalla Municipality Mahottri,Samacharpati,https://www.youtube.com/watch?v=eTb8SyZun1M,Regular Gaushalla Municipality Mahottri,neutral
19:29 Rajendra baneya 😅😅,WhySoOffended,https://www.youtube.com/watch?v=QeLbM6LdLBA,19:29 Rajendra is here 😅😅,neutral
"4:49 india le nepal lai sathi sochxa??🤣🤣2 kaudi ko ni vau dinna hamlai india le k ko sathi..harek tiniharu ko janata dekhi political leader haru ko kura sunnu , kati hepera bolxan ,kati respect xa tha hunxa.. india ko ultimate goal vaneko ki ta yeslai aafno pranta banaune ya ta aafu le vane anusaar chalne putla rajya banaune ho..indira gandhi ko pali dekhi yei ho iniharu ko goal nepal lai liyera",IDSMediaNetwork,https://www.youtube.com/watch?v=U2jbDkyGWx4,4:49 Why did you think of India with Nepal?? Iniharu's goal was taken by Nepal,neutral
balen is write yrr yo harke vane baulako xa yrr,IDSMediaNetwork,https://www.youtube.com/watch?v=U2jbDkyGWx4,Balen is writing yrr yo harke vane baulako xa yrr,neutral
shirt ko color milaau bhaai,IDSMediaNetwork,https://www.youtube.com/watch?v=U2jbDkyGWx4,mix the color of the shirt brother,neutral
Last ma bujiyo balen KO bachau😅,TankaDahal,https://www.youtube.com/watch?v=FqyGil9SZ9g,Last ma bujiyo balen KO bachau 😅,neutral
"It's call strategy not a 👅  slip, only smart people understand it",TheNepaliComment,https://www.youtube.com/watch?v=ryhQNybiElQ,"It's call strategy not a 👅  slip, only smart people understand it",neutral
Derai ramro,Kछ Nepal,https://www.youtube.com/watch?v=Kp2sVewoQWA,Ramro patter,neutral
KO khate haru hun feri,SagarmathaTV,https://www.youtube.com/watch?v=5S-KM7o_DRk,Who should I eat?,neutral
"पदमाले सोध्दा होइन, आर्यन राईले सोध्दा बालेनले यस्तो बोलेको हो...",Samacharpati,https://www.youtube.com/watch?v=eTb8SyZun1M,"Not when asked by Padma, but when asked by Aryan Rai, Balen said this...",neutral
Is mamle mein KP Oli ji theek hai,News24Nepal,https://www.youtube.com/watch?v=ZuMOJjCsthA,KP Oli is right in this matter,neutral
Haina hola🤔 ki hoo??🤔🙄😁😁😁,IDSMediaNetwork,https://www.youtube.com/watch?v=U2jbDkyGWx4,What time is it??🤔🙄😁😁😁,neutral
समाधान कूरो कसैलै गर्दैन कूरो फुत्के की एक भन्दा एक बिद्दवान ले काम पाउन्छन,GSMediaNetwork,https://www.youtube.com/watch?v=YcBSKgWFGXA,The solution is that no one will do anything except that more than one student gets a job,neutral
"Vane Kai thiye ni yo gajedi ko dimag tik xaina yeslai pop ra dhori mai tik xa , samsadh bhawan vitra hoina , yo sidhai rastiya ghati xa , yeslai sath diyera tali bajaune vharute jole khate haru sabai andho ra vahiro ani laata ra gonga haru ko gang ho , yo sabai gante gang Lai nepal batai bahishkar garu hai nepali janta ho , des bechi sake abo ,",NewsInNepal,https://www.youtube.com/watch?v=PS7elNlcdHg,"Where do you think that your mind is ticking while you pop the door, Samsadha Bhavan is visible, you are seeing the true truth, yes you are with me, you are eating all kinds of things, you are talking to everyone, you are talking to everyone, I have told you about Nepali people, they have sold it,",neutral
Jhole ptrakar timro dimag 6en,KhojSamachar,https://www.youtube.com/watch?v=45rp5GC0tcQ,Jhole ptrakar timro dimag 6en,neutral
बहुभाषिक भन्ने यस राष्ट्रका निर्वाचित  नेताले १२९वटै भाषा बोलेर देखाउन अनुरोध गर्दछु।,NewsInNepal,https://www.youtube.com/watch?v=PS7elNlcdHg,I request the elected leader of this multi-lingual nation to speak all 129 languages.,neutral
"Bagale ko buwa  le den chha  3%  vat  chhito bhanda chhito kharij  gar, pvt hospital  ko bill ma  lagayko  vat chhito bhanda chhito kharij  gar ,Electricity ko bill  ma  lagayko  ko vat  chhito bhanda chhito kharij  gar,buyer, madira  ,shurti ja  goods haru  ma  tax  kharij  gar ,jaga  bikri gareko  profit ma labhanshker tax  5 %  lagiraheko tax tyo pani  kharij  gar , yasta Economic ministers  birodh  zen Z student haru le  desh  bhari  jan Aandolan garnu pardchha, yasta government  lai kharij  garnu pardchha.",InsideNepalNews,https://www.youtube.com/watch?v=JJpkqAM-uf0,"Bagale ko buwa le den chha 3% vat chhito bhanda chhito kharij gar, pvt hospital ko bill ma lagayko vat chhito bhanda chhito kharij gar ,Electricity ko bill ma lagayko ko vat chhito bhanda chhito kharij gar,buyer, madira ,shurti ja goods haru ma tax kharij gar ,jaga bikri gareko profit ma labhanshker tax 5% lagiraheko tax tyo pani kharij gar , yasta Economic ministers birodh zen Z student haru le desh bhari jan Aandolan garnu pardchha, yasta government lai kharij",neutral
मिलेन भने दुइ वटै काे जमिन बराबर हुनुपर्छ भन्ने सोच मा ल्याउनु पर्छ,BBCNewsNepali,https://www.youtube.com/watch?v=c9X8FaPruKI,"If it does not match, it should be brought to the thinking that the land of both should be equal",neutral
Ko ho yo maal?,NewsInNepal,https://www.youtube.com/watch?v=PS7elNlcdHg,Who's the maal?,neutral
jay🇳🇵🇳🇵🇳🇵🇳🇵,KhojSamachar,https://www.youtube.com/watch?v=COGGc-UvlaI,jay🇳🇵🇳🇵🇳🇵🇳🇵,neutral
jay🇳🇵🇳🇵🇳🇵🇳🇵🇳🇵🇳🇵🇳🇵🇳🇵,Samacharpati,https://www.youtube.com/watch?v=eTb8SyZun1M,jay🇳🇵🇳🇵🇳🇵🇳🇵🇳🇵🇳🇵🇳🇵🇳🇵,neutral
ahile ko chai currpupt chaina?,WhySoOffended,https://www.youtube.com/watch?v=QeLbM6LdLBA,Who chai currpupt chaina till now?,neutral
K.xioto.firta.dinu.basna.ji,Samacharpati,https://www.youtube.com/watch?v=eTb8SyZun1M,K.xioto.line.religious.basnaji,neutral
Nepal le varat ko simana micheko praman khojne haru varat tirai basai sarera khojda hunxa. Nepal ma basera suhaudaina.,GSMediaNetwork,https://www.youtube.com/watch?v=YcBSKgWFGXA,"In Nepal, to find the main source of money, the people have to search for all the money. There is dry land in Nepal.",neutral
P M Balen Inginer ho sait Nagsa ma katai Dekhyo ki?,GSMediaNetwork,https://www.youtube.com/watch?v=YcBSKgWFGXA,P M Whale Engineer did you see Nagsa?,neutral
"पुलिस राखेर भएनि काम गर्बाही गर्नु ,,के को दुन्द को कुरा गरेया के",News24Nepal,https://www.youtube.com/watch?v=ZuMOJjCsthA,"If you keep the police, you should do the job",neutral
😅😅😅😅तेरो राजीनामा😂😂😂😂😂😂😂😂,NewsInNepal,https://www.youtube.com/watch?v=PS7elNlcdHg,😅😅😅😅Your resignation😂😂😂😂😂😂😂😂,neutral
pakkai pani balenle nabujhi boleko xoina kehi chatur idea pakkai xa,KhojSamachar,https://www.youtube.com/watch?v=COGGc-UvlaI,package water whale nabujhi boleko zona kehi chatur idea package xa,neutral
Aauxa bro na aatinu Lipulek firta aauxa chill,IDSMediaNetwork,https://www.youtube.com/watch?v=U2jbDkyGWx4,Auxa Bro Na Attinu Lipulek Line Auxa Chill,neutral
"आफुले पनि अनुशनधान गरे भयाे त सहि हाे या गलत हाे ४,५ बर्ष पहिले नै मैले सुनेकाे थिए( Bidhya Chapagain ) भिडियाे सार्बजानिक नै गर्नु भएकाे थियाे नेपालीहरुले भाेकचलन गरिरहेकाे याे भारत कै भुमि हाे तर हामिले भाेकचलन गरिराकाे छैन भनु भयाे बिगत २०५०,५२ साल देखि नै गरिरहेकाे भनेर सुइकार्नु भयाे",TechPana,https://www.youtube.com/watch?v=Mf7YpiqHYis,"If you have researched yourself, is it right or wrong? 4.5 years ago, I heard (Bidhya Chapagain) that the video was done in public.",neutral
Balen Dai Multi talented Hunuxaa Taivyera Table Talk gari A To Z Kura ko Investigation Gari Problem Slove garnu ko lagi Boleako hunuxaa Jay Nepal Jay Gorkhali 🇳🇵🇳🇵🇳🇵🇳🇵,TheNepaliComment,https://www.youtube.com/watch?v=ryhQNybiElQ,Balen Dai Multi talented Hunuxaa Taivyera Table Talk gari A To Z Kura ko Investigation Gari Problem Slove garnu ko lagi Boleako hunuxaa Jay Nepal Jay Gorkhali 🇳🇵🇳🇵🇳🇵🇳🇵,neutral
Exactly,IDSMediaNetwork,https://www.youtube.com/watch?v=U2jbDkyGWx4,Exactly,neutral
Aala Kachha Manxe xa. Naya soch xan tei bhayera aasa xa.. Aala Kachha xan ra ali Dar pani xa. Yesto kuro Diplomatic team ko sallaha le kati bolna milxa kati bolna mildaina paila sodnu parthyo,IDSMediaNetwork,https://www.youtube.com/watch?v=U2jbDkyGWx4,Aala Kachha Manche Kha. Naya Soch Khan Tei Bhayera Aasa Kha.. Aala Kachha Khan Ra Ali Dar Pani Kha. Yesto kuro Diplomatic team ko sallaha le kati bolna milxa kati bolna mildaina paila sodnu parthyo,neutral
# boycoTNC #jholeymedia,TheNepaliComment,https://www.youtube.com/watch?v=ryhQNybiElQ,# boycoTNC #jholeymedia,neutral
Vai Tapaile Vaneko Kura Sahi Hun Pani SakX ❤❤❤,KhojSamachar,https://www.youtube.com/watch?v=COGGc-UvlaI,Where do you tap me and where do you go with my water ❤❤❤,neutral
गजेडी ले गाँजाको सुरमा बोलेको जस्तो छ।,NewsInNepal,https://www.youtube.com/watch?v=PS7elNlcdHg,Gazedi sounds like he's talking to the tune of marijuana.,neutral
धेर खाएको ले थोर खाएको मा के वास्था गर्थ्यो,Kछ Nepal,https://www.youtube.com/watch?v=Kp2sVewoQWA,What did the one who ate a lot care about the one who ate a lot?,neutral
Yo pani fata nai raixa,KhojSamachar,https://www.youtube.com/watch?v=COGGc-UvlaI,Where should I go?,neutral
RAW Agent Bata Desh bachau,NewsInNepal,https://www.youtube.com/watch?v=PS7elNlcdHg,RAW Agent Bata Desh Chau,neutral
सप्तरी बाट,BBCNewsNepali,https://www.youtube.com/watch?v=c9X8FaPruKI,from Saptari,neutral
Ma ta je hos india le nepal ko jameen micheko xa vanne bujeko xu,IDSMediaNetwork,https://www.youtube.com/watch?v=U2jbDkyGWx4,I'm from India and Nepal.,neutral
Regular from ktm,Samacharpati,https://www.youtube.com/watch?v=eTb8SyZun1M,Regular from ktm,neutral
"O vai varda jawo ta yo indea ko vak ho na,janu van,xan thiya ko man,xi hatu lay o,vai  tho pagal ho",KhojSamachar,https://www.youtube.com/watch?v=45rp5GC0tcQ,"Oh, that's the way you will ever wake up, you will know, what you told me, you will tell me, that's why you are mad.",neutral
म रेगुलर हेर्छु साउदी बाट,Samacharpati,https://www.youtube.com/watch?v=eTb8SyZun1M,I watch regularly from Saudi,neutral
Hawa patrakar,KhojSamachar,https://www.youtube.com/watch?v=45rp5GC0tcQ,Hawa Patrakar,neutral
बालेन भारतको दलाल हो,Samacharpati,https://www.youtube.com/watch?v=eTb8SyZun1M,Balen is India's broker,neutral
yours,GSMediaNetwork,https://www.youtube.com/watch?v=YcBSKgWFGXA,yours,neutral
"Only some part of India (Indian) know about this country  part of land-border disputes. 
Only some part of China (Chinese) know about this country part of land-border disputes. 
But in our country everyone knows about this border dispute. 
Hope we will win on this diplomatically. Jai Nepal 🇳🇵Jai Desh.",WhySoOffended,https://www.youtube.com/watch?v=QeLbM6LdLBA,"Only some part of India (Indian) know about this country  part of land-border disputes. 
Only some part of China (Chinese) know about this country part of land-border disputes. 
But in our country everyone knows about this border dispute. 
Hope we will win on this diplomatically. Jai Nepal 🇳🇵Jai Desh.",neutral
Bhim rabal lae nepal ko pm banaunush ani nepal lae sawrag banaoxa,Samacharpati,https://www.youtube.com/watch?v=eTb8SyZun1M,Bhim has made Nepal into Rabal and PMunush has also made Nepal into Sawrag.,neutral
"Hera varsatal haru halat....

Kehi na bujhi 

Mukh chikako",Samacharpati,https://www.youtube.com/watch?v=eTb8SyZun1M,"What is the condition of her life?...

What do you say? 

Mukh Chikako",neutral
Shahi massage sir,KhojSamachar,https://www.youtube.com/watch?v=COGGc-UvlaI,Shahi massage sir,neutral
के हो के तिम्रो पात्र कारिता पनि 13 भाइ मा आउनी रैछ,KhojSamachar,https://www.youtube.com/watch?v=COGGc-UvlaI,What if your character Karita is also going to appear in 13 Bhai,neutral
यो कुन आइमाई हो ? २०१७ सालमा राजा त्रिभुवनले हो कि राजा महेन्द्र हो ?,NewsInNepal,https://www.youtube.com/watch?v=PS7elNlcdHg,Which woman is this? Is it King Tribhuvan or King Mahendra in 2017?,neutral
Tayari garer jambo toli liyer jane teha mamaghar jane hor vanya hor ?,Kछ Nepal,https://www.youtube.com/watch?v=Kp2sVewoQWA,Tayari garer jambo toli liyer jane teha mamaghar jane hor vanya hor ?,neutral
सभामुखकाे मुख के मुख र ?,IDSMediaNetwork,https://www.youtube.com/watch?v=U2jbDkyGWx4,What is the face of the speaker?,neutral
​ @A-px7ko what will call the country na InPal 😂,TheNepaliComment,https://www.youtube.com/watch?v=ryhQNybiElQ,​ @A-px7ko what will call the country na InPal 😂,neutral
Lado ko rup ma Miche ko xa sala Sachi Kai ganja kha ko ho mugi le,TheNepaliComment,https://www.youtube.com/watch?v=ryhQNybiElQ,"In the form of a boy, what kind of ganja did you eat?",neutral
 @sirishbaral3177  exactly,WhySoOffended,https://www.youtube.com/watch?v=QeLbM6LdLBA,@sirishbaral3177  exactly,neutral
Gaja.khayera..ako..thiyo.hola.tyo.dhoti.,Samacharpati,https://www.youtube.com/watch?v=eTb8SyZun1M,Gaja.khayera..ako..thiyo.hola.tyo.dhoti.,positive
"Yo Sab Gaja,Charesh ko Kamaal ho😆🤣
Kunai Naulo Namannu hola😆🤣🤣🤣",KantipurTV,https://www.youtube.com/watch?v=7XaHoexB7rQ,"All of you are playing, Charesh is getting success😆🤣
Kunai Naulo Namannu hola😆🤣🤣🤣",positive
बालेनले मार्ग प्रशस्त   गरेर बिदा भए हुन्छ यस्तो प्रधानमन्त्री  चाहिदैन,KhojSamachar,https://www.youtube.com/watch?v=COGGc-UvlaI,"Balen has paved the way and left, we don't need such a prime minister",positive
Ho sir yo ❤farmolale Bharat ma hanggama hunx thikx,GSMediaNetwork,https://www.youtube.com/watch?v=YcBSKgWFGXA,Ho sir yo ❤farmolale Bharat ma hangama hunx thikx,positive
Nice video,TankaDahal,https://www.youtube.com/watch?v=FqyGil9SZ9g,Nice video,positive
"अहिले सम्म हेरेको सीमा अतिक्रमण सम्बन्धिको विश्लेषण मध्ये हजुरको मात्र ठीक लाग्यो, धन्यवाद टंक दाइ हजुरको निष्पक्ष छानवीन र विश्लेषणका लागि।🙏",TankaDahal,https://www.youtube.com/watch?v=FqyGil9SZ9g,"Out of the analysis of border encroachment that I have seen so far, I think yours is the only one that is correct, thank you for your impartial selection and analysis.🙏",positive
Sahi vonnuvayo badhai xa.❤    ❤,TankaDahal,https://www.youtube.com/watch?v=FqyGil9SZ9g,I congratulate you so much.❤ ❤,positive
Hello Mr media Nepali journalist yek choti purano new pani research garanu news post garanu hola ok balen is right research google kantipur news,KhojSamachar,https://www.youtube.com/watch?v=45rp5GC0tcQ,Hello Mr media Nepali journalist yek choti purano new pani research garanu news post garanu hola ok balen is right research google kantipur news,positive
Thanku,TankaDahal,https://www.youtube.com/watch?v=FqyGil9SZ9g,Thanks,positive
Bharat darayo.,BBCNewsNepali,https://www.youtube.com/watch?v=c9X8FaPruKI,Bharat darayo.,positive
"Balenji le yo kura Na Border Area ma jahos thaha Nabhaye Tesai boleko jasto cha Aba kura bikriyo ki garne
Jantaa lai maph magnu hos
🇳🇵👏👏👏👍🙏🙏👏👏👍🇳🇵",KhojSamachar,https://www.youtube.com/watch?v=45rp5GC0tcQ,"Wherever you are in the Border Area, Nabhaye Tesai is not a member of the Border Area.
Thank you for the magnu hos.
🇳🇵👏👏👏👍🙏🙏👏👏👍🇳🇵",positive
Nepali GenZ Balen ko fan vaajhai mani tapaiko faaaan vaye talu dai😮‍💨😂,WhySoOffended,https://www.youtube.com/watch?v=QeLbM6LdLBA,Nepali GenZ Balen ko fan vaajhai mani tapaiko faaan vaye talu dai😮‍💨🔥,positive
Good update ❤,IDSMediaNetwork,https://www.youtube.com/watch?v=U2jbDkyGWx4,Good update ❤,positive
Yah mujhe rapper hamla Bani thorai rahata hun yah mujhe rapper Ke badle drawing Nepal live chikni thoda sa bhumika lagi Lotus India bhitra pani ke Nepal ka aadha Abadi live India Nepali rakhe Katha ketosis India live pe,TheNepaliComment,https://www.youtube.com/watch?v=ryhQNybiElQ,Yah mujhe rapper attack bani thorai rahe hun yah mujhe rapper ke badle drawing Nepal live smooth a bit bhumika lagi Lotus India bhitra pani ke Nepal ka aadha Abadi live India Nepali rahe katha ketosis India live pe,positive
"जय श्रीसीताराम जय श्रीसीताराम 
प्रधानमन्त्री लाइ 
जनता ले जे भने 
बालेनजी ले जे सुने
तै सुनाए बालेन शहि",KhojSamachar,https://www.youtube.com/watch?v=45rp5GC0tcQ,"Jai Sri Sitaram Jai Sri Sitaram 
Prime Minister Lai 
if the public takes it 
Balenji le je sune
Tell me this, Balen Shahi",positive
काङ्ग्रेस एमालेले बेचेको कालापानी लिम्पियाधुरा बालेनले फिर्ता ल्याउला भन्ने ठूलो चिन्ता छ ।। काङ्ग्रेस एमाले माओबादी ले खाएको पैसा ले भनेर पोल खुल्ला भन्ने पनि ठूलो चिन्ता छ,Kछ Nepal,https://www.youtube.com/watch?v=Kp2sVewoQWA,"There is great concern that Kalapani Limpiyadhura Balen, which was sold by Congress UML, will bring it back. There is also a big concern that the Congress-UML will open the polls to take the money eaten by the Maoists",positive
nepal ko bartaman ek matra khoro prasna sudne ra emandari sat prasna sudna saknu hune rajendra baniya sir jhu tapailai manai dekhi salam.xa,Kछ Nepal,https://www.youtube.com/watch?v=Kp2sVewoQWA,nepal ko bartaman ek matra khoro prasna sudne ra emandari sat prasna sudna saknu hune rajendra baniya sir jhu tapailai manai dekhi salam.xa,positive
"आदर्णीय विश्वका सम्पूर्ण जनसमुदाय दाजु भाई दिदीबहिनीहरु नेपाली जनसमुदाय दाजु भाई तथा दिदीबहिनीहरुमा पत्रकार महासंघ हाम्रो मंगोल नेशनल अर्गनाइजेसनसंघ संस्था नेपाल प्रहरी सेनापतिमा यो शान्ति सुरक्षा माग गर्दै अर्को एक जानकारी गराएको छु सुशिला कार्कीले प्रत्यक्ष निर्वाचित प्रधानमन्त्री नदिनेको कारण के हो भने हाम्रो तामाङ मगर गुरुङ नेवार राई लिम्बु शेर्पा थारु घर्ती मगर खड्कि मानिधर नगरकोटी कपाली कटारी भुजेल थकाली धिमाल राउते दनुवार माझी दमाई कामी सार्की हरेक अन्य यो जातियको मंगोल मानिसको हातमा सत्ता शासन हुन्छ भनेर यो षड्यन्त्र माग पुरा नगर्नुको कारण नम्बर एक कानुन संविधान लेख्नुको हाम्रो मंगोल मानिस लाई सारा समाज अगाडि झुन्डिएर मार्ने हत्या गर्ने 1910 देखि अहिले 2082/83 साल सम्मको देश बेचेर खाने यो कानुन संविधान लेख्ने नयाँ परिवर्तन ल्याउछ नदिने भनेर सिकाउने साम्राज्य वादी पुरानो दलका बाहुन क्षेत्रीका नेताहरुले टेलीफोन कल गरि सुशिला कार्की नेतृत्वको सरकार लाई दबाब थर्काउने तर्साउन दबाउने प्रयास सुरु गरेको छ यो सम्पूर्ण सब पुरानो नेताहरु लाई राख्ने छ राजतन्त्र ल्याउन तयारि गरेको छ हाम्रो जेन्जी पूस्तको माग पुरा नगर्नु कारण नभएको 2046 साल देखि यताको कर्मचारी भ्रष्टाचार गरेको सम्पत्ति राष्ट्रिय करण गर्ने राजा ज्ञानेन्द्र शाहको सम्पत्ति राष्ट्रिय करण हुनुपर्छ यी नमान्ने कारण देखाउँदै छ पुरानो बुढा कायम हिसाबकिताबमा राख्ने हो भने चाहिँ हाम्रो देश नेपाल विकास परिवर्तन कुनै पनि हालतमा हुँदैन पुरानो लोभीपापी गद्दार बेमाङ फटाहा हावा गफाडी दलाल अपराधी नेताहरु साम्राज्यवादी बाहुन क्षेत्रीहरुको सत्ता शासन कानुन संविधान खारेज गर्ने सर्वोच्चका न्यायाधीश जिल्ला उच्च अदालत न्यायाधीश वकिल अख्तियार प्रमुख मिलोमतो संग्लनता गरि अपराधी लाई बचाउने गलत फैसला गर्ने कानुनी संस्था हुन यो फ्याँक्नुपर्छ काम छैन हेर्नुस् नत्र नेपाल देश विकास हुन नदिनेको कारण बिदेशीले हाम्रो जेन्जी पूस्तक मानिस लाई घुसपैठ गरी बिगार्ने काम गरेको छ हो कि होइन नेपाल जस्तो देश बेच्ने कानुन संविधान अरु कुन चाहिं राष्ट्रमा छ यसको स्पष्टीकरण जबाफ चाहियो यहाँ नेपालमा चुनाव भएको समयमा यो निर्वाचन आयोग कर्मचारीले मसि कागजात मतपत्र छपाइ कलम चलाउने अनि फाइलबाट हुन या जो पनि कमिसन खाएको हुन्छ सदा चुनावको समय बजार भाउ महंगो ग्यास लुकाएको किन ठगी हुन्छ 

हाम्रो मंगोलमा नमस्कार तपाईको लागी सानो सन्देश जनकारी सहित क्षमाप्रार्थी गर्नुहोला हाम्रो नेपालमा बाहुन क्षेत्रीहरु बायक अरु जुनसुकै जातियको गुरुङ मगर तामाङ राई लिम्बु शेर्पा नेवार खड्कि मानिधर थारु घर्ती मगर भुजेल थकाली धिमाल दनुवार माझी दमाई कामी सार्की मुसारे राउते आदि हरेक सम्पूर्ण मंगोल अनुहार मुहार भएको व्यक्ति लाई प्रधानमन्त्री राष्ट्रपति ठुलो पद्मा बस्न दिँदैन यो कुरा धेरै ख्याल गर्नुहोला यो कुरा सत्य हो कि होइन हाम्रो मंगोल मुहार अनुहार भएको व्यक्ति राम्रोसँग काम गर्न यो दिँदैन खाली बिरोध गर्ने मार्ने हत्या दबाउने प्रयास गर्छ मलाई यहाँ खोजी कार्य जारी छ यहाँ लाइट बत्ती Off on गर्ने गरेको छ यहाँ टोल ईन्टरनेट ब्लग फेसबुक YouTube च्यानलमा धेरै पोस्ट कमेन्ट गरेको छ भनेर सामाजिक सञ्जाल फेसबुक YouTube च्यानल प्रतिबन्ध बन्देज बन्द गराएको छ यो कुरा सत्य हो कि होइन एक पटक राम्रोसँग गर्नुस जर्मन स्वीजरल्याण्ड सिंगापुर जस्तो विकास हुन दिँदैन परिवर्तन गर्न नदिने साम्राज्य वादी अमेरिका बिस्तारवादी भारत यिनै साम्राज्य वादी पृथ्वी नारायण शाह जंगाबाहादुर राणा शरणार्थी बाहुन क्षेत्रीहरुले मिलोमतो गरिकन राणा लाई सरसल्लाह कुराकानी मिलाएर यी राणाले मंगोलको मानिस लाई झुन्डिएर मार्ने कानुन संविधान लेखेको जारि गरेको छ यस्तो मनलाग्दी गर्ने शरणार्थी बाहुन क्षेत्रीहरुलाई अरु देशमा बस्न नदिएपछि ईरान पाकिस्तान बांग्लादेश भारत हुँदै नेपालमा शरण लीएको 1495 मा नेपाल भित्रिएका हुन Nepal Press cts First Truth Foremost Online News Portal from Nepal in Nepali & English Language २०८२ भदौ २८ गते EN होमपेज राजनीति नेपाल प्रेस नेपाल पैरवी समाज चित्र वित्त प्रेस कला प्रेस खेल स्वास्थ्य जीवन शैली प्रवास विविध मलाई नाटक गर्न आउँदैन आत्मैबाट ढोगेको हुँ जेनजी अभियन्ता राजनीति थाहा छैन सरकारमा एक दुई तीन जान्न नेपाल प्रेस २०८२ भदौ २८ गते १६:३४ काठमाडौं गत भदौ २३ र २४ गते भएको जेनजीहरुको आन्दोलनले केपी ओली नेतृत्वको सरकार ढाल्यो पूर्वप्रधान न्यायाधीश सुशीला कार्की नेतृत्वको अन्तरिम सरकार गठन भएको छ",KhojSamachar,https://www.youtube.com/watch?v=45rp5GC0tcQ,"To all the people of the world, brothers and sisters, brothers and sisters of the Nepalese people, journalists' federation, our Mongolian National Organization, the organization of the Nepal Police General, I have requested this peace and security to the Nepal Police Commander, and I have given another information. Danuwar Majhi Damai Kami Sarki Every other Mongol of this caste has power in the hands of men",positive
Biratnagar chai khass ma India ko ho.,GSMediaNetwork,https://www.youtube.com/watch?v=YcBSKgWFGXA,Biratnagar tea is special in India.,positive
Ma kahi bolena sakarko bisai ma,IDSMediaNetwork,https://www.youtube.com/watch?v=U2jbDkyGWx4,In a bolena sakarko bisai ma,positive
Jaye mato😊,NewsInNepal,https://www.youtube.com/watch?v=PS7elNlcdHg,Come mom😊,positive
E sir tapai afnai tatka garnu hunxa,TankaDahal,https://www.youtube.com/watch?v=FqyGil9SZ9g,And sir tapai afnai tatka garnu hunxa,positive
K vana khojeki kerawali aamai xixi tero buddi,NewsInNepal,https://www.youtube.com/watch?v=PS7elNlcdHg,K vana khojeki kerawali aamai xixi tero buddi,positive
tribhuwan hoina hola mahendra hola mananiya sadasya ganga devi shrestha,NewsInNepal,https://www.youtube.com/watch?v=PS7elNlcdHg,tribhuwan hoina hola mahendra hola mananiya sadasya ganga devi shrestha,positive
❤❤❤❤❤sai ho hajur ko kura,KhojSamachar,https://www.youtube.com/watch?v=COGGc-UvlaI,❤❤❤❤❤Say ho ho ho hoor ko kura,positive
Sai ho❤❤❤,KhojSamachar,https://www.youtube.com/watch?v=COGGc-UvlaI,You know I❤❤❤,positive
Ganjedi sanga ke umid chaa 😂,KhojSamachar,https://www.youtube.com/watch?v=COGGc-UvlaI,Hope for Ganjedi Sanga.,positive
"देश दिनपर​-दिन असुरक्षित​-अन्यौल​-थप जटिल अवस्थामा जादै गरेको संकेत गर्दैछ । देशको वर्तमान स्वरुप र स्थानमा विश्वमा स्थापित गराएको राजा-प्रजाको अथक प्रयासले हो । देशले अभिभाबक खोजेको छ​,यस्को लागि राजसंस्था भन्दा उपयुक्त अरु हुन नस्कने देखिनआयो ! ॐ नमः शिवाय !",KhojSamachar,https://www.youtube.com/watch?v=COGGc-UvlaI,"It is indicating that the country is going into a more complicated situation day by day. It is due to the tireless efforts of the king and the people that the country has been established in its current form and position in the world. The country is looking for a leader, it seems that there is no one more suitable for this than the monarchy! Om Namah Shivaay!",positive
Nepal le Bharat ko bhumi micheko xa bhanu ra kamilale thicher hati maryo bhanu testai ho raswopa sarkar ko rastiyata ha....ha....,GSMediaNetwork,https://www.youtube.com/watch?v=YcBSKgWFGXA,Nepal le Bharat ko bhoomi ki bhoomi kha ra bhanu ra kamila lale thicher hati miro bhanu tha hai ho tha rasta sakta raha sakta sarkar….ha….,positive
"Why so offended is the best ....logical, unbiased and based on facts",WhySoOffended,https://www.youtube.com/watch?v=QeLbM6LdLBA,"Why so offended is the best ....logical, unbiased and based on facts",positive
Balen shah master plan,TechPana,https://www.youtube.com/watch?v=Mf7YpiqHYis,Bummer shah master plan,positive
"आम नेपाली जनता र सहिदहरुको सपना चाहाना माहान गेटर नेपाल बनाएर भारतको हैकमवाद ,सदाका लागि खारेज गनुनै ह‍ो, रवि बालेन अबसरवादि हुन, सजक हुन जरुरिछ,🙏🌍️👍️🎎🇳🇵♥️♥️♥️🎉🎉😢😢😢",KhojSamachar,https://www.youtube.com/watch?v=COGGc-UvlaI,"The dream of the common Nepali people and martyrs, by making Nepal a great Gator, India's heikism must be abolished forever, Ravi Balen must be realistic, be careful, 🙏🌍️👍️🎎🇳🇵♥️♥️♥️🎉🎉😢😢😢😢",positive
बालेन लेण्डुप दोर्जे हो म फटाह,TheNepaliComment,https://www.youtube.com/watch?v=ryhQNybiElQ,Balen Lendup Dorje Ho Ma Fatah,positive
Yes😊😊,NewsInNepal,https://www.youtube.com/watch?v=PS7elNlcdHg,Yes😊😊,positive
Yo saab kam Nadine nepal desh ra janta lai,Kछ Nepal,https://www.youtube.com/watch?v=Kp2sVewoQWA,Yo saab kam Nadine nepal desh ra janta lai,positive
Janta khadima afnu Des Bharat ma bichar gara Nepali ghante haru,NewsInNepal,https://www.youtube.com/watch?v=PS7elNlcdHg,Janta khadima afnu des bharat ma chichar gara nepali gante haru,positive
Hello ujade chaman mu ji Balen hoina sammananiya pradhan mantri Balen van jatha.,WhySoOffended,https://www.youtube.com/watch?v=QeLbM6LdLBA,Hello ujade chaman mu ji Balen hoina sammaniya pradhan minister Balen van jatha.,positive
yo bheda bakhra lai jawaf dini pardaina,News24Nepal,https://www.youtube.com/watch?v=ZuMOJjCsthA,Yo bheda bakhra lai jawaf dini pardaina,positive
Good one!!,Kछ Nepal,https://www.youtube.com/watch?v=Kp2sVewoQWA,Good one!!,positive
Baniya sir  on fire .🔥🔥🔥💪💪💪,Kछ Nepal,https://www.youtube.com/watch?v=Kp2sVewoQWA,Baniya sir on fire.🔥🔥🔥🔥🔥🔥🔥🔥,positive
Right 👍 job 👍😁,GSMediaNetwork,https://www.youtube.com/watch?v=YcBSKgWFGXA,Right 👍 job 👍😁,positive
Balen saha thik bolnubhax,TankaDahal,https://www.youtube.com/watch?v=FqyGil9SZ9g,Balen saha thik bolnubhax,positive
"BaLade..srkar.jay nepaK
🌹🙏🌹.   🌹🙏🌹. ...🌹🙏🌹",News24Nepal,https://www.youtube.com/watch?v=ZuMOJjCsthA,"BaLade..srkar.jay nepaK
🌹🙏🌹.   🌹🙏🌹. ...🌹🙏🌹",positive
भारत ले नै मिचेकाे छ,Samacharpati,https://www.youtube.com/watch?v=eTb8SyZun1M,India has done it,positive
सही कुरा,KhojSamachar,https://www.youtube.com/watch?v=COGGc-UvlaI,right thing,positive
धन्यवाद  टंक सरलाई,TankaDahal,https://www.youtube.com/watch?v=FqyGil9SZ9g,Thank you tank sir,positive
Welcome,BBCNewsNepali,https://www.youtube.com/watch?v=c9X8FaPruKI,Welcome,positive
Agent Balen... activated... surprise Nepal Genz ..😂😂😂,TheNepaliComment,https://www.youtube.com/watch?v=ryhQNybiElQ,Agent Balen... activated... surprise Nepal Genz ..😂😂😂,positive
नेपाल लाई एउटा भारत को एउटा प्रान्त बनाउने एउटा बलियो तर्क,GSMediaNetwork,https://www.youtube.com/watch?v=YcBSKgWFGXA,A strong argument for making Nepal a province of India,positive
sajida sidhiki ko nagrikta ko chanbin garyo bhane yasko dohro nagrikta bheitine x /,NewsInNepal,https://www.youtube.com/watch?v=PS7elNlcdHg,Sajida sidhiki ko griktika ko chanbin garyo bhane yasko dohro griktika bheitine x /,positive
Good analysis sir. THANKS A LOT.🙏,TankaDahal,https://www.youtube.com/watch?v=FqyGil9SZ9g,Good analysis sir. THANKS A LOT.🙏,positive
It's very clear Mr. Baniya. These opposition have planned to keep this government busy atleast for 8 hours a day in parliament and keep them from doing any work outside their petty questions. This is all very planned. I hope this government realizes this changes the way parliament function very soon. or else they will keep doing this for the next five year. If there is a way to bypass these party jhole the new government should opt for it,Kछ Nepal,https://www.youtube.com/watch?v=Kp2sVewoQWA,It's very clear Mr. Baniya. These opposition have planned to keep this government busy atleast for 8 hours a day in parliament and keep them from doing any work outside their petty questions. This is all very planned. I hope this government realizes this changes the way parliament function very soon. or else they will keep doing this for the next five year. If there is a way to bypass these party jhole the new government should opt for it,positive
Rajinam day balen dhoti,NewsInNepal,https://www.youtube.com/watch?v=PS7elNlcdHg,Rajinam day balen dhoti,positive
"Awenest podcast firta lyaunu paryo hau, yo ta kabita suneko jasto, kina jabarjasto poetic huna khojeko ho, we want old binayak back",WhySoOffended,https://www.youtube.com/watch?v=QeLbM6LdLBA,"Awenest podcast firta lyaunu paryo hau, yo ta kabita suneko jasto, kina jabarjasto poetic huna khojeko ho, we want old binayak back",positive
Dai el nino ko karan le nepal ma k ashar par la tesko bare ma video banunu na❤,WhySoOffended,https://www.youtube.com/watch?v=QeLbM6LdLBA,Let's make Nino go to Nepal and make a video on his feet with bare feet❤,positive
सहि कुरा,KhojSamachar,https://www.youtube.com/watch?v=COGGc-UvlaI,Right thing,positive
पुरै अन्तरबार्ता हेरे खुसी भनु की अच्चम्म लागेको कुरा टेबलमा काग्रेस एमाले र रा.प्र.पा बस्दा पनी एक अर्का लाई बीना आरोप प्रत्यारोप बीना झगडा अझै अच्चम्म के एक अर्का को बचाउ गर्दै सकीयो त 😂,Kछ Nepal,https://www.youtube.com/watch?v=Kp2sVewoQWA,"After watching the whole interview, I am happy to say that the surprising thing is that even when the Congress, UML and R.P.P. were sitting at the table, they did not accuse each other without arguing.",positive
God bless you thank sanyasi baba bless your opinion good God bless,GSMediaNetwork,https://www.youtube.com/watch?v=YcBSKgWFGXA,God bless you thank sanyasi baba bless your opinion good God bless,positive
म दुबैबाट हेर्दैछु ❤❤❤❤,Samacharpati,https://www.youtube.com/watch?v=eTb8SyZun1M,I am watching from both ❤❤❤❤,positive
Gr8 job bhai!!! Always agree with ur perspective!!!,WhySoOffended,https://www.youtube.com/watch?v=QeLbM6LdLBA,Gr8 job bhai!!! Always agree with ur perspective!!!,positive
Jaya balen jaya Nepal 🇳🇵,IDSMediaNetwork,https://www.youtube.com/watch?v=U2jbDkyGWx4,Jaya Balen Jaya Nepal 🇳🇵,positive
Aba auxs India Kura garna good step,TheNepaliComment,https://www.youtube.com/watch?v=ryhQNybiElQ,Aba auxs India Kura garna good step,positive
It's a hope bro...... china got Hong Kong after 100 years .......hope keeps the country alive,WhySoOffended,https://www.youtube.com/watch?v=QeLbM6LdLBA,It's a hope bro...... china got Hong Kong after 100 years .......hope keeps the country alive,positive
Ramrari sunnus last ma bhannu bhako xa,TankaDahal,https://www.youtube.com/watch?v=FqyGil9SZ9g,Ramrari sunnus last ma bhannu bhako xa,positive
"I have great respect for your impartial journalism Tanka Sir .If a person cannot speak the truth, they should not speak untruths either.",TankaDahal,https://www.youtube.com/watch?v=FqyGil9SZ9g,"I have great respect for your impartial journalism Tanka Sir .If a person cannot speak the truth, they should not speak untruths either.",positive
One of the best youtuber❤🎉,WhySoOffended,https://www.youtube.com/watch?v=QeLbM6LdLBA,One of the best youtuber❤🎉,positive
तपाईं को सत्य पत्रकारिता र सत्य मा मा देस पर्ती को हिम्मत सहास र आट पर्ती हार्दिक धन्यबाद रोसन सेरेस्ट ज्यु जय नेपाल आमा जय मात्रीभुमि सत्य यहि हो🇳🇵💔✊🙏,KhojSamachar,https://www.youtube.com/watch?v=COGGc-UvlaI,Thank you very much for your true journalism and for your courage in the truth.,positive
100% सही कूरा रोसन सर 👍👍,KhojSamachar,https://www.youtube.com/watch?v=45rp5GC0tcQ,100% correct koora roson sir 👍👍,positive
India Lai khusi parna ho.,GSMediaNetwork,https://www.youtube.com/watch?v=YcBSKgWFGXA,India is full of happiness.,positive
Balen sah राजिनामा दे,InsideNepalNews,https://www.youtube.com/watch?v=JJpkqAM-uf0,Balen sah give me Rajinaama,positive
Tehi ta ❤,IDSMediaNetwork,https://www.youtube.com/watch?v=U2jbDkyGWx4,This one says ❤,positive
Raja Ram ki kripa Hanuman sakti bless Nepal,GSMediaNetwork,https://www.youtube.com/watch?v=YcBSKgWFGXA,Raja Ram ki Kripa Hanuman Shakti bless Nepal,positive
Balen opened the door for India to enter Nepalhis supporters are defending for him,GSMediaNetwork,https://www.youtube.com/watch?v=YcBSKgWFGXA,Balen opened the door for India to enter Nepalhis supporters are defending for him,positive
Regular herxu ktm bata ❤❤,Samacharpati,https://www.youtube.com/watch?v=eTb8SyZun1M,Regular herxu ktm bata ❤❤,positive
Good pm,Samacharpati,https://www.youtube.com/watch?v=eTb8SyZun1M,Good pm,positive
माननीय प्रधानमंत्री बालेन ज्यू ले दिब्य अखण्ड भारत भूमिखण्ड नेपाल ले मिचेको छ भनेकै हो भने समर्थन गर्छु धन्यवाद,GSMediaNetwork,https://www.youtube.com/watch?v=YcBSKgWFGXA,"If the Honorable Prime Minister Balen says that the land of India has been destroyed by Nepal, I will support it, thank you.",positive
With balen ❤,BBCNewsNepali,https://www.youtube.com/watch?v=c9X8FaPruKI,With bales ❤,positive
24 min long video ma 25 choti add sauna yar..,WhySoOffended,https://www.youtube.com/watch?v=QeLbM6LdLBA,24 min long video ma 25 choti add sauna yar..,positive
Tero salamikum tahirakh,NewsInNepal,https://www.youtube.com/watch?v=PS7elNlcdHg,Tero salamikum tahirakh,positive
"Doti harooo batho xa, 3rd country lai involve garayou vane Indio ko Kartut baira oula re vanera , vatamara harooo 😂",BBCNewsNepali,https://www.youtube.com/watch?v=c9X8FaPruKI,"Doti harooo batho xa, 3rd country lai involve garayou vane Indio ko Kartut baira oula re vanera , vatamara harooo 😂",positive
Evidence ka sath bolne tapai Lai salam xa🫡,TankaDahal,https://www.youtube.com/watch?v=FqyGil9SZ9g,"Speak with evidence, I salute you🫡",positive
Yo bhrasta haru desh Ra   jantako  nam ma ghus napayera salbalaueka chhan,NewsInNepal,https://www.youtube.com/watch?v=PS7elNlcdHg,Yo bhrasta haru desh Ra jantako nam ma ghus napayera salbalaueka chhan,positive
Balen sir is good  p  m,GSMediaNetwork,https://www.youtube.com/watch?v=YcBSKgWFGXA,Balen sir is good  p  m,positive
जय नेपाल 🇳🇵🇳🇵🇳🇵🇳🇵🇳🇵🇳🇵🇳🇵🇳🇵🇳🇵,TankaDahal,https://www.youtube.com/watch?v=FqyGil9SZ9g,Jai Nepal,positive
जय बालेन जय रबि जय नेपाल,GSMediaNetwork,https://www.youtube.com/watch?v=YcBSKgWFGXA,Jai Balen Jai Rabi Jai Nepal,positive
Tapai le daily news vannuhos dami🎉🎉🎉🎉,TechPana,https://www.youtube.com/watch?v=Mf7YpiqHYis,Tapai le daily news vannuhos dami🎉🎉🎉🎉,positive
Akdam informative video,TankaDahal,https://www.youtube.com/watch?v=FqyGil9SZ9g,Akdam informative video,positive
Aba Balen le greater nepal 🇳🇵  firta lyauchan.,KhojSamachar,https://www.youtube.com/watch?v=COGGc-UvlaI,Aba Balen le greater nepal 🇳🇵 firta lyauchan.,positive
Regular frm ktm 😊,Samacharpati,https://www.youtube.com/watch?v=eTb8SyZun1M,Regular frm ktm 😊,positive
Nepali janata kati batho ho k India ko guu khayako hola,KhojSamachar,https://www.youtube.com/watch?v=COGGc-UvlaI,Nepali people are the people who are feeding India.,positive
"आजको छुट्टी (कुवेत ) राजेन्द्र बानियाँ ज्युको विभिन्न प्रबुद्ध ब्यक्तिहरु सङ्गको समम्सामयिक बिसयमा भएको अन्तर्वार्ता हेरेर बिताइयो।मज्जा आयो , भुपु मन्त्रीद्वय , रा प्र पा अध्यक्ष राजेन्द्र लिङ्देन ज्यु र सिमाबिद बुद्धिनारायण श्रेष्ठ ज्यु हरु को हाम्रो रास्ट्रय चासो र चिन्तन (प्रधानमन्त्री बालेन शाह ज्युको भारतसङ्ग नेपालको  पछिल्लो सिमा सम्बन्धी अभिव्यक्ति लाई लिएर)सम्बन्धी आजको बिशेष अन्तर्वार्ताको लागि सम्पुर्णमा हार्दिक धन्यवाद 👌👌👌👌👏👏👏🙏🙏🙏🙏🙏",Kछ Nepal,https://www.youtube.com/watch?v=Kp2sVewoQWA,"Today's holiday (Kuwait) was spent watching Rajendra Baniyan's interview with various enlightened persons on contemporary television. It was fun, Bhupu Minister, Rajendra Lingden Jr. and Simabid Buddhinarayan Shrestha Jr. Thank you very much for today's special interview regarding our national interest and thinking (regarding Prime Minister Balen Shah's latest statement on Nepal's border with India). 👌👌👌👌👏👏👏🙏🙏🙏🙏🙏",positive
"Aitihaasik khot lago, Nepalko xabi dharapma paro sakigoni 😮😮 yo pm leta nepallai sakhaap paaro",GSMediaNetwork,https://www.youtube.com/watch?v=YcBSKgWFGXA,"Historical call, Nepal is ready for the war 😮😮 please pm Nepal to support us",positive
"ल अब भने फेरि हजुकाे कार्यक्रम हेर्छु,मैले हेर्दिन भनेकाे थिए ,हाे,सत्य तथ्य बाेल्न पर्छ।",Kछ Nepal,https://www.youtube.com/watch?v=Kp2sVewoQWA,Now I will watch Haju's program again.,positive
Sahi ho dai,KhojSamachar,https://www.youtube.com/watch?v=COGGc-UvlaI,That's right!,positive
Jay balen sarkar sahi pata lagaira bole ho injiyer ho hamro sarkar m khade xu india ma sukumbashi banera lakho nepal ko janata hotel ma jutho bartan bal bacha dukha garera khadexu khoi modi nikaleko xin hamro sano desh samjhera chodeko x sahi kura ho,GSMediaNetwork,https://www.youtube.com/watch?v=YcBSKgWFGXA,"The truth is that the government has found the truth and has said that we have entered the government in India, we have made people like Nepal, we have got the hotel, we have saved the hair, we have lost all the money, we are the ones who have given the truth to the country.",positive
Aaja b s 283 jeth 18 gate sombar Aaja 6 rasi soya kharban he mithun kumva aachhahe om shanti,Samacharpati,https://www.youtube.com/watch?v=eTb8SyZun1M,Aaja b s 283 jeth 18 gate sombar Aaja 6 rasi soya kharban he mithun kumva aachhahe om shanti,positive
Balen le je garx ramro garz mlai Biswas xa best of luck and proud of our country and pm balen❤❤❤❤love,TheNepaliComment,https://www.youtube.com/watch?v=ryhQNybiElQ,Balen le je garx ramro garz mlai Biswas xa best of luck and proud of our country and pm balen❤❤❤❤love,positive
Hi bro you are telling truth ❤❤❤❤❤,KhojSamachar,https://www.youtube.com/watch?v=45rp5GC0tcQ,Hi bro you are telling truth ❤❤❤❤❤,positive
Good Bale aba bikas hunxa nepal aba hamro nepali bubag firta hunxa,KhojSamachar,https://www.youtube.com/watch?v=45rp5GC0tcQ,Good Bale aba bikas hunxa nepal aba hamro nepali bubag firta hunxa,positive
सुगौली सन्धि नै हेरौ । 😊,TankaDahal,https://www.youtube.com/watch?v=FqyGil9SZ9g,Look at the Sugauli Treaty itself. 😊,positive
